Gene name	B number identifier	COG class	Molecular weight [kDa]	Sequence length
thra	b0002	[e]	89.119	820
thrb	b0003	[e]	33.623	310
thrc	b0004	[e]	47.113	428
yaaa	b0006	[s]	29.585	258
talb	b0008	[g]	35.219	317
mog	b0009	[h]	21.222	195
dnak	b0014	[o]	69.114	638
dnaj	b0015	[o]	41.1	376
rpst	b0023	[j]	9.6843	87
ribf	b0025	[h]	34.734	313
iles	b0026	[j]	104.3	938
fkpb	b0028	[o]	16.081	149
isph	b0029	[im]	34.774	316
rihc	b0030	[f]	32.56	304
dapb	b0031	[e]	28.756	273
cara	b0032	[ef]	41.431	382
carb	b0033	[ef]	117.84	1073
fola	b0048	[h]	17.999	159
apah	b0049	[t]	31.296	280
rsma	b0051		30.42	273
sura	b0053	[o]	47.283	428
lptd	b0054		89.67	784
rapa	b0059		109.77	968
thib	b0068		36.163	327
leud	b0071	[e]	22.487	201
leuc	b0072	[e]	49.881	466
leub	b0073		39.517	363
leua	b0074	[e]	57.297	523
ilvi	b0077		62.984	574
ilvh	b0078	[e]	17.977	163
cra	b0080		37.999	334
rsmh	b0082		34.877	313
mure	b0085	[m]	53.343	495
murf	b0086	[m]	47.447	452
murd	b0088	[m]	46.973	438
murg	b0090	[m]	37.814	355
murc	b0091	[m]	53.625	491
ddlb	b0092	[m]	32.839	306
ftsa	b0094	[d]	45.329	420
ftsz	b0095	[d]	40.323	383
lpxc	b0096	[m]	33.956	305
seca	b0098	[u]	102.02	901
yacf	b0102	[s]	28.291	247
guac	b0104	[f]	37.383	347
nadc	b0109	[h]	32.762	297
arop	b0112	[e]	49.69	457
pdhr	b0113	[k]	29.425	254
acee	b0114	[c]	99.667	887
acef	b0115	[c]	66.095	630
lpd	b0116	[c]	50.688	474
acnb	b0118	[c]	93.497	865
yacl	b0119	[s]	13.941	120
sped	b0120	[e]	30.384	264
spee	b0121	[e]	32.321	288
yacc	b0122		12.854	115
cueo	b0123	[q]	56.556	516
gcd	b0124	[g]	86.746	796
hpt	b0125		20.115	178
can	b0126	[p]	25.096	220
yadg	b0127	[v]	34.647	308
pand	b0131	[h]	13.834	126
panc	b0133	[h]	31.597	283
panb	b0134	[h]	28.237	264
pcnb	b0143	[j]	53.87	465
dksa	b0145	[t]	17.528	151
mrcb	b0149	[m]	94.291	844
fhua	b0150	[p]	82.181	747
heml	b0154	[h]	45.366	426
erpa	b0156		12.1	114
mtn	b0159		24.354	232
degp	b0161	[o]	49.354	474
yaeh	b0163		15.096	128
dapd	b0166	[e]	29.892	274
glnd	b0167	[o]	102.39	890
map	b0168	[j]	29.33	264
rpsb	b0169	[j]	26.743	241
tsf	b0170	[j]	30.423	283
pyrh	b0171	[f]	25.97	241
frr	b0172	[j]	20.638	185
ispu	b0174	[i]	28.444	253
rsep	b0176		49.071	450
bama	b0177		90.552	810
skp	b0178		17.688	161
lpxd	b0179	[m]	36.038	341
fabz	b0180	[i]	17.033	151
lpxa	b0181	[m]	28.08	262
acca	b0185	[i]	35.241	319
yaer	b0187		14.737	129
rof	b0189	[k]	9.4795	84
nlpe	b0192	[mp]	25.844	236
pros	b0194	[j]	63.692	572
rcsf	b0196		14.163	134
metq	b0197	[p]	29.431	271
meti	b0198	[p]	23.256	217
metn	b0199	[p]	37.788	343
gmhb	b0200	[e]	21.294	191
dkgb	b0207	[r]	29.436	267
glob	b0212	[r]	28.434	251
ivy	b0220		16.872	157
fade	b0221	[i]	89.223	814
lpca	b0222	[g]	20.815	192
dinj	b0226	[l]	9.4057	86
pepd	b0237	[e]	52.915	485
gpt	b0238	[f]	16.97	152
frsa	b0239	[r]	47.008	414
crl	b0240		15.655	133
prob	b0242	[e]	39.056	367
proa	b0243	[e]	44.63	417
insh	b0259		39.327	338
argf	b0273	[e]	36.827	334
yagu	b0287	[s]	22.967	204
betb	b0312	[c]	52.911	490
yahk	b0325	[r]	37.978	349
yaho	b0329		9.8953	91
prpb	b0331	[g]	32.134	296
prpc	b0333	[c]	43.102	389
prpd	b0334	[r]	53.951	483
codb	b0336	[f]	43.649	419
coda	b0337	[fr]	47.59	427
laci	b0345		38.59	360
mhpr	b0346	[k]	31.322	277
yail	b0354		19.923	179
frma	b0356	[c]	39.359	369
frmr	b0357		10.318	91
hemb	b0369		35.624	324
ddla	b0381	[m]	39.315	364
irap	b0382		9.9374	86
psif	b0384		11.686	106
proc	b0386	[e]	28.145	269
arol	b0388	[e]	19.151	174
yaie	b0391	[s]	10.234	94
rdgc	b0393	[l]	33.993	303
mak	b0394	[kg]	32.499	302
quea	b0405	[j]	39.43	356
tgt	b0406	[j]	42.593	375
yajc	b0407	[u]	11.887	110
secd	b0408	[u]	66.631	615
secf	b0409	[u]	35.382	323
yajd	b0410		13.364	115
tsx	b0411	[m]	33.589	294
nrdr	b0413		17.229	149
ribd	b0414	[h]	40.338	367
ribe	b0415	[h]	16.156	156
nusb	b0416	[k]	15.689	139
thil	b0417	[h]	35.07	325
yajo	b0419	[c]	36.42	324
dxs	b0420	[hi]	67.616	620
ispa	b0421	[h]	32.159	299
xseb	b0422	[l]	8.9518	80
thii	b0423	[h]	54.972	482
yajl	b0424		20.777	196
yajq	b0426	[s]	18.344	163
cyod	b0429	[c]	12.029	109
cyob	b0431	[c]	74.367	663
cyoa	b0432	[c]	34.911	315
yajg	b0434		20.95	192
bola	b0435		11.994	105
tig	b0436	[o]	48.192	432
clpp	b0437	[ou]	23.186	207
clpx	b0438	[o]	46.355	424
lon	b0439	[o]	87.437	784
hupb	b0440	[l]	9.2255	90
ppid	b0441	[o]	68.149	623
quec	b0444		25.514	231
glnk	b0450	[e]	12.259	112
tesb	b0452	[i]	31.966	286
ybay	b0453		19.431	190
ylac	b0458		18.267	156
acrb	b0462	[v]	113.57	1049
acra	b0463	[m]	42.196	397
kefa	b0465	[m]	127.21	1120
ybam	b0466		6.0248	53
apt	b0469	[f]	19.859	183
ybab	b0471	[s]	12.015	109
htpg	b0473	[o]	71.422	624
adk	b0474	[f]	23.586	214
hemh	b0475		35.884	320
gsk	b0477	[g]	48.448	434
usha	b0480	[f]	60.823	550
ybak	b0481	[s]	17.093	159
copa	b0484	[p]	87.872	834
ybbl	b0490	[r]	25.382	225
ybbn	b0492		31.791	284
ybbo	b0493	[iqr]	29.41	269
ybba	b0495	[q]	24.533	228
allr	b0506	[k]	29.269	271
purk	b0522	[f]	39.461	355
pure	b0523	[f]	17.78	169
ppib	b0525	[o]	18.153	164
cyss	b0526	[j]	52.202	461
ybcj	b0528	[s]	7.3895	70
fold	b0529	[h]	31.043	288
nmpc	b0553	[m]	40.302	365
bord	b0557		10.447	97
ompt	b0565	[m]	35.562	317
cusr	b0571	[tk]	25.394	227
cusc	b0572	[mu]	50.269	457
cusb	b0574	[m]	44.304	407
nfsb	b0578		23.905	217
fepa	b0584	[p]	82.106	746
fepb	b0592	[p]	34.283	318
ente	b0594	[q]	59.111	536
entb	b0595	[q]	32.554	285
enta	b0596	[iqr]	26.249	248
csta	b0598	[t]	75.104	701
ybdh	b0599	[c]	39.091	362
ybdl	b0600	[e]	42.962	386
dsbg	b0604	[o]	27.495	248
ahpc	b0605	[o]	20.761	187
ahpf	b0606	[o]	56.176	521
uspg	b0607	[t]	15.935	142
rnk	b0610	[k]	14.927	136
cspe	b0623	[k]	7.4634	69
tate	b0627	[u]	7.0242	67
lipa	b0628	[h]	36.071	321
ybed	b0631	[s]	9.8272	87
daca	b0632	[m]	44.443	403
rlpa	b0633	[m]	37.528	362
ybeb	b0637		11.582	105
lpte	b0641		21.356	193
leus	b0642	[j]	97.233	860
ybel	b0643		18.797	160
hscc	b0650	[o]	61.986	556
riha	b0651	[f]	33.823	311
gltl	b0652	[e]	26.661	241
glti	b0655	[et]	33.42	302
lnt	b0657	[m]	57.065	512
ybex	b0658	[p]	33.298	292
ybez	b0660	[t]	39.038	346
miab	b0661	[j]	53.662	474
ubif	b0662	[hc]	42.953	391
asnb	b0674	[e]	62.658	554
nagd	b0675	[g]	27.163	250
nagc	b0676	[kg]	44.541	406
naga	b0677	[g]	40.949	382
nagb	b0678	[g]	29.774	266
nage	b0679	[g]	68.346	648
glns	b0680	[j]	63.477	554
fur	b0683	[p]	16.795	148
flda	b0684	[c]	19.737	176
ybff	b0686	[r]	28.437	254
seqa	b0687	[l]	20.315	181
pgm	b0688	[g]	58.36	546
ybgi	b0710	[s]	26.892	247
ybgk	b0712	[e]	34.386	310
glta	b0720	[c]	48.014	427
sdhd	b0722	[c]	12.867	115
sdha	b0723	[c]	64.421	588
sdhb	b0724	[c]	26.77	238
suca	b0726	[c]	105.06	933
sucb	b0727	[c]	44.011	405
succ	b0728	[c]	41.392	388
sucd	b0729	[c]	29.777	289
cyda	b0733	[c]	58.204	522
cydb	b0734	[c]	42.453	379
tolq	b0737	[u]	25.597	230
tolr	b0738	[u]	15.383	142
tola	b0739	[m]	43.156	421
tolb	b0740	[u]	45.955	430
pal	b0741	[m]	18.824	173
ybgf	b0742	[s]	28.231	263
nada	b0750	[h]	38.24	347
ybgs	b0753		12.872	126
arog	b0754	[e]	38.009	350
gpma	b0755	[g]	28.556	250
galm	b0756	[g]	38.19	346
galk	b0757	[g]	41.442	382
galt	b0758	[c]	39.645	348
gale	b0759		37.265	338
modf	b0760	[p]	54.535	490
mode	b0761	[r]	28.281	262
moda	b0763	[p]	27.364	257
modc	b0765	[p]	39.102	352
ybha	b0766	[r]	30.201	272
pgl	b0767		36.307	331
ybhc	b0772	[g]	46.082	427
ybhb	b0773		17.085	158
bioa	b0774	[h]	47.335	429
biob	b0775	[h]	38.648	346
biod	b0778	[h]	24.139	225
uvrb	b0779	[l]	76.225	673
moab	b0782	[h]	18.665	170
moac	b0783	[h]	17.467	161
moad	b0784	[h]	8.7578	81
moae	b0785	[h]	16.981	150
ybhm	b0787	[r]	26.123	237
ybhg	b0795	[m]	36.415	332
rhle	b0797	[lkj]	49.989	454
ybib	b0800	[e]	35.048	320
ybic	b0801	[c]	38.897	361
fiu	b0805	[p]	81.959	760
rlmf	b0807		34.226	308
glnq	b0809	[e]	26.731	240
glnh	b0811	[et]	27.19	248
dps	b0812	[p]	18.695	167
ompx	b0814	[m]	18.602	171
ybis	b0819	[s]	33.325	306
ybit	b0820	[r]	59.857	530
ybiu	b0821		47.329	421
ybiv	b0822	[r]	30.412	271
moea	b0827	[h]	44.067	411
gsib	b0830		56.47	512
rimo	b0835		49.581	441
gstb	b0838		23.713	208
dacc	b0839	[m]	43.608	400
deor	b0840		28.548	252
nfsa	b0851	[c]	26.8	240
potf	b0854	[e]	40.839	370
potg	b0855		41.93	377
artj	b0860	[et]	26.829	243
arti	b0863	[et]	26.929	243
artp	b0864	[e]	27.022	242
ybjp	b0865		18.991	171
ybjq	b0866	[s]	11.437	107
ltae	b0870	[e]	36.494	333
poxb	b0871	[eh]	62.011	572
maca	b0878		40.623	371
cspd	b0880	[k]	7.9689	74
clps	b0881		12.179	106
clpa	b0882	[o]	84.206	758
infa	b0884	[j]	8.2495	72
cydc	b0886	[co]	62.919	573
cydd	b0887	[co]	65.055	588
trxb	b0888	[o]	34.623	321
lrp	b0889	[k]	18.887	164
lola	b0891	[m]	22.497	203
sers	b0893	[j]	48.413	430
ycac	b0897	[q]	23.1	208
pfla	b0902	[o]	28.204	246
pflb	b0903	[c]	85.356	760
ycao	b0905		65.651	586
serc	b0907	[he]	39.783	362
aroa	b0908	[e]	46.095	427
cmk	b0910	[f]	24.746	227
rpsa	b0911	[j]	61.157	557
ihfb	b0912	[l]	10.651	94
msba	b0914	[v]	64.46	582
ycar	b0917	[s]	6.8549	60
kdsb	b0918	[m]	27.614	248
mukf	b0922	[d]	50.578	440
muke	b0923	[d]	26.974	234
mukb	b0924	[d]	170.23	1486
ycbl	b0927	[r]	23.784	215
aspc	b0928	[e]	43.573	396
ompf	b0929	[m]	39.333	362
asns	b0930	[j]	52.57	466
pncb	b0931	[h]	45.897	400
pepn	b0932	[e]	98.918	870
pyrd	b0945	[f]	36.774	336
ycbx	b0947	[r]	40.644	369
uup	b0949	[r]	72.066	635
pqib	b0951	[r]	60.52	546
rmf	b0953	[j]	6.5074	55
faba	b0954	[i]	18.969	172
ycbz	b0955	[o]	65.818	586
matp	b0956		17.693	150
ompa	b0957	[m]	37.2	346
yccf	b0961	[s]	16.275	148
held	b0962	[l]	77.975	684
mgsa	b0963	[g]	16.918	152
yccu	b0965		14.701	137
rlmi	b0967		44.356	396
tuse	b0969		12.41	109
gfcd	b0984		78.686	698
cbpa	b1000	[o]	34.455	306
agp	b1002		45.682	413
yccj	b1003		8.5244	75
wrba	b1004	[r]	20.845	198
puta	b1014	[e]	143.81	1320
putp	b1015	[er]	54.344	502
efeo	b1018		41.137	375
ghra	b1033		35.343	312
ycdx	b1034	[er]	26.89	245
ycdy	b1035	[r]	20.724	184
ymdb	b1045		18.88	177
opgg	b1048		57.912	511
opgh	b1049		96.936	847
msyb	b1051		14.259	124
ycei	b1056	[s]	20.912	191
sola	b1059	[e]	40.902	372
pyrc	b1062	[f]	38.827	348
yceb	b1063		20.5	186
grxb	b1064	[o]	24.35	215
yceh	b1067	[s]	24.177	215
flgm	b1071	[knu]	10.34	97
flge	b1076	[n]	42.045	402
flgg	b1078	[n]	27.744	260
flgh	b1079	[n]	24.615	232
flgi	b1080		38.169	365
rne	b1084	[j]	118.2	1061
rluc	b1086	[j]	36.026	319
ycef	b1087	[d]	21.691	194
yced	b1088	[r]	19.315	173
rpmf	b1089	[j]	6.4463	57
fabh	b1091	[i]	33.515	317
fabd	b1092	[i]	32.417	309
fabg	b1093	[iqr]	25.56	244
acpp	b1094	[iq]	8.6394	78
fabf	b1095	[iq]	43.045	413
yceg	b1097	[r]	38.247	340
tmk	b1098	[f]	23.783	213
ptsg	b1101	[g]	50.676	477
hint	b1103		13.241	119
lpob	b1105		22.515	213
nagz	b1107	[g]	37.594	341
ycfp	b1108		21.226	180
ndh	b1109	[c]	47.358	434
mfd	b1114	[lk]	129.98	1148
lold	b1117		25.438	233
lole	b1118	[m]	45.344	414
cobb	b1120	[k]	26.716	242
potd	b1123	[e]	38.867	348
pota	b1126	[e]	43.028	378
pept	b1127	[e]	44.923	408
ycfd	b1128		42.578	373
phop	b1130	[tk]	25.535	223
purb	b1131	[f]	51.542	456
hfld	b1132	[r]	22.947	213
mnma	b1133		40.959	368
icd	b1136	[c]	45.756	416
mine	b1174	[d]	10.235	88
mind	b1175	[d]	29.614	270
minc	b1176	[d]	24.775	231
ycgl	b1179		11.247	97
ycgm	b1180	[q]	23.711	219
nhab	b1186	[p]	56.728	513
fadr	b1187	[k]	26.968	239
dada	b1189	[e]	47.607	432
dadx	b1190	[m]	38.844	356
emta	b1193	[m]	22.226	203
ycgr	b1194		27.857	244
trea	b1197	[g]	63.636	565
dham	b1198		51.448	472
dhal	b1199	[g]	22.632	210
dhak	b1200		38.215	356
ychf	b1203	[j]	39.667	363
pth	b1204	[j]	21.082	194
prs	b1207		34.218	315
ispe	b1208	[i]	30.925	283
lolb	b1209	[m]	23.55	207
prfa	b1211	[j]	40.517	360
kdsa	b1215	[m]	30.832	284
chab	b1217	[r]	8.9447	76
ychn	b1219	[p]	12.693	117
narl	b1221	[tk]	23.927	216
puru	b1232	[f]	31.934	280
galu	b1236	[m]	32.942	302
hns	b1237	[r]	15.539	137
tdk	b1238	[f]	23.456	205
adhe	b1241	[c]	96.126	891
oppa	b1243	[e]	60.898	543
oppb	b1244	[ep]	33.443	306
oppc	b1245	[ep]	33.022	302
oppd	b1246		37.188	337
oppf	b1247	[e]	37.197	334
ycii	b1251	[s]	10.602	98
tonb	b1252	[m]	26.094	239
ycia	b1253	[i]	14.23	132
ompw	b1256	[m]	22.928	212
ycif	b1258	[s]	18.597	166
trpa	b1260	[e]	28.724	268
trpb	b1261	[e]	42.983	397
trpc	b1262	[e]	49.361	452
trpd	b1263	[eh]	56.869	531
trpe	b1264	[eh]	57.494	520
ycio	b1267		23.211	206
rlub	b1269	[j]	32.711	291
ycik	b1271	[iqr]	27.933	252
sohb	b1272	[ou]	39.366	349
ycin	b1273		9.3855	83
topa	b1274	[l]	97.349	865
cysb	b1275	[k]	36.15	324
acna	b1276	[c]	97.676	891
riba	b1277	[h]	21.836	196
ycis	b1279	[s]	11.351	102
pyrf	b1281	[f]	26.35	245
ycit	b1284	[kg]	27.602	249
rnb	b1286	[k]	72.49	644
yciw	b1287	[s]	42.219	375
fabi	b1288	[i]	27.864	262
sapa	b1294	[e]	61.564	547
puua	b1297		53.177	472
puud	b1298		28.013	254
puur	b1299	[k]	20.091	185
puuc	b1300	[c]	53.418	495
puue	b1302	[e]	44.729	421
pspa	b1304	[kt]	25.493	222
pspb	b1305		8.763	74
tyrr	b1323	[ke]	57.655	513
tpx	b1324	[o]	17.835	168
mppa	b1329	[e]	59.899	537
uspe	b1333	[t]	35.706	316
fnr	b1334	[t]	27.967	250
ttca	b1344		35.561	311
uspf	b1376		16.016	144
ompn	b1377	[m]	41.219	377
ydbk	b1378	[c]	128.82	1174
ldha	b1380	[chr]	36.534	329
paay	b1400	[r]	21.324	196
ydbc	b1406	[c]	30.706	286
azor	b1412	[i]	21.657	201
hrpa	b1413		149.03	1300
ydcf	b1414	[s]	29.705	266
alda	b1415	[c]	52.272	479
trg	b1421	[nt]	58.898	546
ydci	b1422	[k]	33.401	307
opgd	b1424		62.757	551
ydch	b1426		8.8782	74
tehb	b1430	[qr]	22.53	197
ydcl	b1431		24.427	222
ydcs	b1440	[e]	42.295	381
ydct	b1441		37.04	337
prr	b1444		50.829	474
ydcy	b1446		8.7998	77
cura	b1449		37.609	345
ynce	b1452	[s]	38.612	353
yddj	b1470		12.871	111
adhp	b1478		35.379	336
maea	b1479		63.197	565
sra	b1480		5.0958	45
osmc	b1482	[o]	15.088	143
ddpa	b1487	[e]	57.641	516
gadc	b1492	[e]	55.076	511
gadb	b1493	[e]	52.668	466
yden	b1498	[p]	62.801	560
lsrr	b1512		33.796	317
lsrb	b1516	[g]	36.684	340
lsrf	b1517	[g]	31.892	291
ydej	b1537	[r]	18.321	172
dcp	b1538	[e]	77.515	681
ydfg	b1539	[r]	27.249	248
gnsb	b1550		6.5476	57
relb	b1564	[l]	9.0714	79
flxa	b1566		12.208	110
dica	b1570	[k]	15.656	135
ynfb	b1583		12.909	113
speg	b1584	[j]	21.887	186
pntb	b1602	[c]	48.722	462
pnta	b1603	[c]	54.623	510
ydgh	b1604		33.903	314
rsta	b1608	[tk]	26.704	239
fumc	b1611	[c]	50.488	467
fuma	b1612	[c]	60.298	548
mana	b1613		42.849	391
ydga	b1614	[s]	54.688	502
uidc	b1615		46.647	421
hdha	b1619	[iqr]	26.778	255
add	b1623	[f]	36.397	333
gsta	b1635		22.868	201
pdxy	b1636	[h]	31.322	287
tyrs	b1637	[j]	47.526	424
pdxh	b1638	[h]	25.545	218
slyb	b1641		15.601	155
slya	b1642	[k]	16.353	144
ydhf	b1647		33.675	298
nema	b1650	[c]	39.516	365
gloa	b1651	[e]	14.92	135
rnt	b1652	[l]	23.522	215
grxd	b1654		12.879	115
sodb	b1656	[p]	21.265	193
purr	b1658	[k]	38.174	341
cfa	b1661	[m]	43.909	382
ribc	b1662	[h]	23.445	213
ydhq	b1664	[mu]	42.876	418
ydhr	b1667		11.288	101
pykf	b1676	[g]	50.729	470
lpp	b1677	[m]	8.3234	78
ynhg	b1678	[s]	36.082	334
sufs	b1680	[e]	44.433	406
sufc	b1682	[o]	27.582	248
sufb	b1683	[o]	54.745	495
ydii	b1686	[q]	14.945	136
ydij	b1687	[c]	113.25	1018
ydik	b1688	[r]	39.841	370
arod	b1693	[e]	27.466	252
ppsa	b1702		87.434	792
ppsr	b1703		31.211	277
aroh	b1704	[e]	38.735	348
btue	b1710	[o]	20.469	183
ihfa	b1712	[l]	11.354	99
phet	b1713	[r]	87.377	795
phes	b1714	[j]	36.831	327
rplt	b1716	[j]	13.497	118
rpmi	b1717		7.2888	65
infc	b1718	[j]	20.564	180
thrs	b1719	[j]	74.013	642
pfkb	b1723		32.456	309
ynia	b1725	[g]	32.458	286
ynic	b1727	[r]	24.33	222
ydjn	b1729	[r]	48.661	463
kate	b1732		84.162	753
chbb	b1738	[g]	11.426	106
osme	b1739		12.021	112
nade	b1740	[h]	30.636	275
spy	b1743	[untp]	18.199	161
astc	b1748	[e]	43.665	406
xtha	b1749	[l]	30.969	268
ynjb	b1754	[r]	42.844	388
ynje	b1757		48.228	435
gdha	b1761	[e]	48.581	447
seld	b1764	[e]	36.687	347
ydja	b1765	[c]	20.059	183
sppa	b1766	[ou]	67.219	618
ansa	b1767	[ej]	37.127	338
pnca	b1768		23.362	213
ydjf	b1770		28.261	252
yeac	b1777		10.338	90
msrb	b1778		15.451	137
gapa	b1779	[g]	35.532	331
yead	b1780		32.666	294
mipa	b1782	[m]	27.831	248
yeag	b1783	[t]	74.479	644
yeak	b1787	[s]	17.85	167
fadd	b1805	[iq]	62.331	561
yeay	b1806	[m]	20.921	193
yoab	b1809		12.493	114
yoah	b1811		6.5542	59
sdaa	b1814	[e]	48.906	454
manx	b1817	[g]	35.047	323
many	b1818	[g]	27.635	266
manz	b1819		30.955	283
cspc	b1823	[k]	7.4023	69
yebo	b1825		10.792	95
kdgr	b1827	[k]	30.029	263
htpx	b1829	[o]	31.923	293
prc	b1830	[m]	76.662	682
proq	b1831		25.892	232
msrc	b1832		18.121	165
yebe	b1846	[s]	23.687	219
yebf	b1847		12.962	118
purt	b1849	[f]	42.433	392
eda	b1850	[g]	22.284	213
zwf	b1852	[g]	55.704	491
yebk	b1853	[k]	31.975	289
pyka	b1854	[g]	51.357	480
lpxm	b1855		37.41	323
znua	b1857		33.777	310
ruva	b1861	[l]	22.085	203
yebc	b1864	[s]	26.422	246
asps	b1866	[j]	65.913	590
yecd	b1867	[q]	20.452	188
cmoa	b1870		27.776	247
cmob	b1871		37.006	323
yecm	b1875		21.205	188
args	b1876	[j]	64.682	577
yect	b1877		18.885	162
chez	b1881	[nt]	23.976	214
chey	b1882	[t]	14.097	129
tap	b1885	[nt]	57.511	533
tar	b1886	[nt]	59.943	553
chew	b1887	[nt]	18.084	167
chea	b1888	[nt]	71.382	654
motb	b1889	[n]	34.186	308
mota	b1890	[n]	32.011	295
flhc	b1891		21.566	192
otsa	b1896	[g]	53.61	474
araf	b1901	[g]	35.54	329
ftna	b1905		19.424	165
yeca	b1908	[r]	25.039	221
uvry	b1914	[tk]	23.892	218
yecf	b1915		8.2385	74
yecc	b1917	[e]	27.677	250
yecs	b1918	[e]	24.801	222
dcyd	b1919		35.153	328
fliy	b1920	[et]	29.039	266
flic	b1923	[n]	51.294	498
amya	b1927	[g]	56.639	495
yedd	b1928		14.983	137
yedf	b1930	[o]	8.6389	77
flif	b1938	[nu]	60.588	552
flig	b1939	[n]	36.776	331
flih	b1940	[nu]	25.05	228
flii	b1941	[nu]	49.315	457
flil	b1944	[n]	17.221	154
flin	b1946	[nu]	14.855	137
yedp	b1955	[r]	30.439	271
yedi	b1958	[s]	32.19	305
hcha	b1967	[r]	31.19	283
mtfa	b1976		30.279	265
amn	b1982	[f]	53.994	484
yeen	b1983	[s]	25.867	238
erfk	b1990	[s]	34.411	310
flu	b2000		106.82	1039
yeex	b2007		12.778	109
yeed	b2012	[o]	8.1482	75
plap	b2014		49.537	452
yeez	b2016	[mg]	29.68	274
hisg	b2019	[e]	33.366	299
hisd	b2020	[e]	46.11	434
hisc	b2021	[e]	39.36	356
hisb	b2022	[e]	40.278	355
hish	b2023	[e]	21.653	196
hisa	b2024	[e]	26.032	245
hisf	b2025	[e]	28.454	258
hisi	b2026	[e]	22.756	203
cld	b2027		36.454	326
gnd	b2029	[g]	51.481	468
wbbk	b2032	[m]	43.188	372
wbbj	b2033	[r]	21.675	196
wbbi	b2034		37.757	330
glf	b2036	[m]	42.965	367
rfbc	b2038	[m]	21.27	185
rfba	b2039	[m]	32.693	293
rfbd	b2040	[m]	32.694	299
rfbb	b2041	[m]	40.558	361
galf	b2042	[m]	32.829	297
cpsb	b2049	[m]	53.016	478
dcd	b2065	[f]	21.249	193
udk	b2066	[f]	24.353	213
yege	b2067		123.89	1105
baes	b2078	[t]	51.991	467
yegp	b2080		12.024	110
yegq	b2081	[o]	51.193	453
gatd	b2091	[er]	37.39	346
gatc	b2092	[g]	48.364	451
gatb	b2093	[g]	10.222	94
gata	b2094	[gt]	16.907	150
gatz	b2095	[g]	47.108	420
gaty	b2096	[g]	30.812	284
fbab	b2097		38.109	350
thid	b2103	[h]	28.633	266
thim	b2104	[h]	27.339	262
rcnr	b2105		10.134	90
rcnb	b2107		12.466	112
mrp	b2113		39.938	369
metg	b2114	[j]	76.254	677
osmf	b2131		32.609	305
bglx	b2132	[g]	83.459	765
dld	b2133	[c]	64.612	571
pbpg	b2134	[m]	33.887	310
cdd	b2143	[f]	31.54	294
mglc	b2148	[g]	35.55	336
mgla	b2149	[g]	56.415	506
mglb	b2150	[g]	35.712	332
fole	b2153	[h]	24.83	222
yeig	b2154	[r]	31.259	278
cira	b2155	[p]	73.895	663
lysp	b2156	[e]	53.575	489
nfo	b2159	[l]	31.479	285
psug	b2165		32.909	312
frua	b2167	[g]	57.518	563
fruk	b2168	[g]	33.755	312
frub	b2169	[g]	39.647	376
yeip	b2171		21.532	190
spr	b2175	[m]	21.04	188
yejf	b2180	[r]	58.725	529
rsua	b2183	[j]	25.865	231
rply	b2185	[j]	10.693	94
yejk	b2186	[r]	37.822	335
yejl	b2187	[s]	8.2884	75
narp	b2193	[tk]	23.575	215
eco	b2209	[r]	18.192	162
mqo	b2210	[r]	60.229	548
ompc	b2215	[m]	40.368	367
rcsd	b2216	[t]	100.37	890
rcsb	b2217	[tk]	23.67	216
gyra	b2231	[l]	96.962	875
ubig	b2232	[h]	26.555	240
nrda	b2234	[f]	85.774	761
nrdb	b2235	[f]	43.517	376
yfay	b2249	[r]	44.225	400
arnb	b2253		41.649	379
arnc	b2254		36.339	322
arna	b2255		74.288	660
menb	b2262	[h]	31.633	285
elab	b2266	[s]	11.306	101
elaa	b2267	[r]	17.419	153
nuom	b2277	[c]	56.524	509
nuoj	b2280	[c]	19.874	184
nuoi	b2281	[c]	20.538	180
nuoh	b2282	[c]	36.219	325
nuog	b2283		100.3	908
nuof	b2284	[c]	49.292	445
nuoe	b2285	[c]	18.59	166
nuoc	b2286	[c]	68.235	596
nuob	b2287	[c]	25.056	220
nuoa	b2288		16.457	147
alaa	b2290		45.517	405
yfbr	b2291	[r]	22.708	199
yfbt	b2293	[r]	23.007	216
yfbu	b2294	[s]	19.536	164
acka	b2296	[c]	43.29	400
pta	b2297	[r]	77.171	714
yfcd	b2299	[lr]	20.376	180
yfce	b2300		20.122	184
yfcg	b2302	[o]	24.516	215
folx	b2303	[h]	14.082	120
yfch	b2304	[r]	32.698	297
hisp	b2306	[e]	28.653	257
hisq	b2308	[e]	24.649	228
hisj	b2309	[et]	28.483	260
argt	b2310	[et]	27.991	260
purf	b2312	[f]	56.487	505
dedd	b2314	[s]	22.938	220
folc	b2315	[h]	45.405	422
accd	b2316	[i]	33.322	304
usg	b2319	[e]	36.364	337
pdxb	b2320	[he]	41.367	378
fabb	b2323	[iq]	42.613	406
aroc	b2329	[e]	39.137	361
prmb	b2330		35.001	310
fadj	b2341		77.071	714
fadi	b2342		46.53	436
yfcz	b2343	[s]	10.318	94
fadl	b2344	[i]	48.541	446
mlaa	b2346		28.041	251
ints	b2349	[l]	44.061	385
gtrb	b2351		34.635	306
gtrs	b2352		51.483	443
evga	b2369	[tk]	22.69	204
alac	b2379		46.216	412
frya	b2383		92.129	831
glk	b2388	[g]	34.723	321
nupc	b2393	[f]	43.475	400
gltx	b2400	[j]	53.815	471
liga	b2411	[l]	73.605	671
zipa	b2412	[d]	36.475	328
cysk	b2414	[e]	34.489	323
ptsh	b2415	[g]	9.1193	85
ptsi	b2416	[g]	63.561	575
crr	b2417	[g]	18.251	169
pdxk	b2418	[h]	30.847	283
cysm	b2421	[e]	32.664	303
cysa	b2422	[p]	41.058	365
cysw	b2423		32.537	291
cysp	b2425	[p]	37.614	338
ucpa	b2426		27.85	263
murq	b2428		31.22	298
yfex	b2431		33.052	299
yfey	b2432		20.897	191
amia	b2435	[m]	31.412	289
yffs	b2450		29.751	269
eutm	b2457		9.8654	97
maeb	b2463	[c]	82.416	759
tala	b2464	[g]	35.658	316
tktb	b2465	[g]	73.042	667
yffb	b2471	[p]	13.6	118
dape	b2472	[e]	41.269	375
tmca	b2474		74.892	671
ypfj	b2475	[r]	31.46	287
purc	b2476	[f]	26.995	237
bamc	b2477		36.842	344
dapa	b2478	[em]	31.27	292
gcvr	b2479		20.768	190
bcp	b2480	[o]	17.634	156
yfgc	b2494	[r]	53.907	487
yfgd	b2495	[p]	13.398	119
uraa	b2497	[f]	45.06	429
upp	b2498	[f]	22.533	208
purm	b2499	[f]	36.854	345
purn	b2500	[f]	23.238	212
ppk	b2501	[p]	80.431	688
ppx	b2502		58.135	513
guaa	b2507	[f]	58.679	525
guab	b2508	[f]	52.022	488
der	b2511	[r]	55.035	490
bamb	b2512		41.887	392
yfgm	b2513	[s]	22.176	206
hiss	b2514	[j]	47.029	424
ispg	b2515	[i]	40.683	372
rodz	b2516		36.191	337
rlmn	b2517		43.085	384
ndk	b2518	[f]	15.463	143
yfhm	b2520	[r]	181.58	1653
ssea	b2521		30.811	281
sseb	b2522		28.642	258
pepb	b2523		46.18	427
iscx	b2524		7.7315	66
fdx	b2525	[c]	12.331	111
hsca	b2526	[o]	65.652	616
hscb	b2527	[o]	20.137	171
isca	b2528	[s]	11.556	107
iscu	b2529	[c]	13.848	128
iscs	b2530		45.089	404
iscr	b2531	[k]	17.336	162
trmj	b2532		27.048	246
suhb	b2533	[g]	29.172	267
glya	b2551	[e]	45.316	417
hmp	b2552	[c]	43.867	396
glnb	b2553	[e]	12.425	112
purl	b2557	[f]	141.4	1295
pdxj	b2564	[h]	26.384	243
rnc	b2567	[k]	25.55	226
lepb	b2568	[u]	35.96	324
lepa	b2569	[m]	66.57	599
rseb	b2571	[t]	35.749	318
rsea	b2572	[t]	24.321	216
rpoe	b2573	[k]	21.695	191
nadb	b2574	[h]	60.337	540
srmb	b2576	[lkj]	49.914	444
yfid	b2579	[r]	14.284	127
ung	b2580	[l]	25.693	229
yfif	b2581	[j]	37.784	345
trxc	b2582	[oc]	15.555	139
pka	b2584		97.986	886
pssa	b2585		52.801	451
kgtp	b2587	[gepr]	47.052	432
clpb	b2592	[o]	95.584	857
yfih	b2593	[s]	26.339	243
rlud	b2594	[j]	37.121	326
bamd	b2595		27.829	245
raia	b2597		12.784	113
phea	b2599	[e]	43.111	386
tyra	b2600	[e]	42.042	373
arof	b2601	[e]	38.804	356
rpls	b2606	[j]	13.133	115
rimm	b2608		20.605	182
rpsp	b2609	[j]	9.1904	82
ffh	b2610	[u]	49.787	453
grpe	b2614	[o]	21.798	197
bame	b2617		12.302	113
smpb	b2620	[o]	18.269	160
csid	b2659		37.36	325
gabd	b2661	[c]	51.719	482
gabt	b2662	[e]	45.774	426
ygau	b2665	[s]	16.063	149
stpa	b2669	[r]	15.347	134
ygam	b2672		12.288	113
prox	b2679	[e]	36.022	330
mpra	b2684	[k]	20.563	176
emra	b2685	[v]	42.736	390
luxs	b2687	[t]	19.416	171
gsha	b2688	[h]	58.269	518
yqab	b2690	[r]	20.78	188
csra	b2696	[t]	6.8558	61
alas	b2697	[j]	96.031	876
reca	b2699	[l]	37.973	353
ygad	b2700	[r]	17.582	165
gutq	b2708	[m]	34.031	321
rpos	b2741	[k]	37.971	330
nlpd	b2742	[m]	40.149	379
pcm	b2743		23.257	208
trud	b2745	[s]	39.091	349
ispf	b2746	[i]	16.897	159
cysc	b2750	[p]	22.321	201
cysn	b2751	[p]	52.558	475
cysd	b2752	[eh]	35.188	302
cysh	b2762	[eh]	27.975	244
cysi	b2763	[p]	63.997	570
cysj	b2764	[p]	66.269	599
qued	b2765		13.773	121
quee	b2777		25.029	223
eno	b2779	[g]	45.654	432
pyrg	b2780	[f]	60.373	545
rela	b2784	[tk]	83.875	744
rlmd	b2785		48.052	433
yqca	b2790	[c]	16.274	149
quef	b2794		32.587	282
ygdh	b2795	[r]	50.971	454
sdac	b2796	[e]	46.906	429
sdab	b2797		48.752	455
fuco	b2799	[c]	40.513	382
fucu	b2804	[g]	15.473	140
ygdi	b2809		8.1741	75
csde	b2811		15.94	147
mlta	b2813	[m]	40.41	365
amic	b2817		45.634	417
arga	b2818	[e]	49.195	443
ptra	b2821		107.71	962
thya	b2827	[f]	30.479	264
ptsp	b2829	[t]	83.715	748
tas	b2834	[c]	38.499	346
lysa	b2838	[e]	46.177	420
kdud	b2842	[iqr]	27.07	253
yqef	b2844	[i]	41.018	393
lyss	b2890	[j]	57.603	505
prfb	b2891	[j]	41.25	365
dsbc	b2893	[o]	25.621	236
cptb	b2897		10.547	88
ygfz	b2898	[r]	36.094	326
yqfb	b2900	[s]	11.905	103
bgla	b2901	[g]	55.36	479
gcvp	b2903	[e]	104.38	957
gcvh	b2904	[e]	13.811	129
gcvt	b2905	[e]	40.146	364
pepp	b2908	[e]	49.815	441
ygfb	b2909		21.229	192
zapa	b2910	[s]	12.594	109
sera	b2913	[he]	44.175	410
rpia	b2914	[g]	22.86	219
argp	b2916	[k]	33.471	297
ygge	b2922	[s]	26.635	246
mscs	b2924	[m]	30.896	286
fbaa	b2925	[g]	39.147	359
pgk	b2926	[g]	41.118	387
tkta	b2935		72.211	663
yggg	b2936	[o]	26.842	252
speb	b2937	[e]	33.557	306
spea	b2938	[e]	73.898	658
metk	b2942	[h]	41.951	384
galp	b2943		50.982	464
gshb	b2947	[hj]	35.56	316
yqge	b2948		20.686	187
yggs	b2951	[r]	25.787	234
rdgb	b2954		21.039	197
yggn	b2958		26.429	239
yggl	b2959		12.88	108
trmi	b2960		27.307	239
yggx	b2962	[co]	10.952	91
mltc	b2963	[m]	40.112	359
spec	b2965		79.415	711
glcb	b2976	[c]	80.488	723
glcg	b2977	[r]	13.737	134
gss	b2988	[e]	70.531	619
yghu	b2989		32.391	288
yghZ	b3001		38.832	346
ygha	b3003	[iqr]	31.488	294
exbd	b3005	[u]	15.527	141
exbb	b3006	[u]	26.287	244
metc	b3008	[e]	43.212	395
yqhd	b3011	[c]	42.097	387
dkga	b3012		31.109	275
plsc	b3018	[i]	27.453	245
parc	b3019	[l]	83.83	752
ygiw	b3024	[s]	14.011	130
mdab	b3028	[r]	21.891	193
ygin	b3029	[s]	11.532	104
pare	b3030	[l]	70.243	630
cpda	b3032	[r]	30.938	275
nudf	b3034	[lr]	23.667	209
tolc	b3035	[mu]	53.74	493
ygib	b3037		23.479	223
ygic	b3038	[e]	45.025	386
ribb	b3041		23.353	217
yqic	b3042		11.276	96
rfae	b3052	[m]	51.05	477
glne	b3053	[ot]	108.42	946
ygif	b3054	[s]	48.388	433
ygim	b3055		23.076	206
folb	b3058	[h]	13.619	122
ygjd	b3064	[o]	36.008	337
rpsu	b3065	[j]	8.4999	71
rpod	b3067	[k]	70.263	613
mug	b3068		18.673	168
yqjh	b3070	[p]	28.871	254
yqji	b3071	[k]	23.401	207
aer	b3072	[t]	55.065	506
pata	b3073		49.661	459
fadh	b3081	[c]	72.677	672
ygjr	b3087	[r]	36.214	328
sstt	b3089	[e]	43.477	414
uxac	b3092	[g]	53.987	470
yqjd	b3098	[s]	11.051	101
yqje	b3099	[s]	15.147	134
yqjk	b3100		11.811	99
tdcf	b3113		14.007	129
agar	b3131	[kg]	29.572	269
rsmi	b3146		31.348	286
lpoa	b3147		72.824	678
diaa	b3149		21.106	196
yrap	b3150	[r]	20.028	191
yhbs	b3156	[r]	18.534	167
dead	b3162	[lkj]	70.545	629
nlpi	b3163	[r]	33.62	294
pnp	b3164		77.1	711
rpso	b3165	[j]	10.269	89
trub	b3166	[j]	35.087	314
rbfa	b3167	[j]	15.154	133
infb	b3168	[j]	97.349	890
nusa	b3169	[k]	54.87	495
argg	b3172	[e]	49.898	447
secg	b3175	[u]	11.365	110
glmm	b3176	[g]	47.543	445
folp	b3177		30.615	282
ftsh	b3178	[o]	70.707	644
rlme	b3179		23.335	209
yhby	b3180	[j]	10.784	97
grea	b3181		17.641	158
obge	b3183	[r]	43.285	390
rpma	b3185	[j]	9.1244	85
rplu	b3186	[j]	11.564	103
ispb	b3187	[h]	35.217	323
mura	b3189	[m]	44.817	419
mlab	b3191		10.68	97
mlac	b3192		23.962	211
mlad	b3193		19.576	183
mlaf	b3195		29.096	269
kdsd	b3197	[m]	35.196	328
kdsc	b3198	[r]	19.997	188
lptc	b3199		21.702	191
lpta	b3200		20.127	185
lptb	b3201		26.8	241
rpon	b3202	[k]	53.989	477
hpf	b3203		10.75	95
ptsn	b3204	[gt]	17.959	163
yhbj	b3205	[r]	32.492	284
elbb	b3209	[q]	22.981	217
arcb	b3210	[t]	87.982	778
gltb	b3212	[e]	163.3	1486
gltd	b3213	[er]	52.015	472
nana	b3225	[em]	32.593	297
sspb	b3228	[r]	18.262	165
sspa	b3229	[o]	24.305	212
rpsi	b3230	[j]	14.856	130
rplm	b3231	[j]	16.018	142
yhcm	b3232	[r]	43.063	375
yhcb	b3233	[s]	14.961	132
degq	b3234	[o]	47.204	455
degs	b3235	[o]	37.581	355
mdh	b3236	[c]	32.337	312
argr	b3237	[k]	16.994	156
tldd	b3244	[r]	51.363	481
rng	b3247	[j]	55.364	489
yhde	b3248	[d]	21.515	197
mrec	b3250	[m]	39.53	367
mreb	b3251	[d]	36.952	347
yhdh	b3253	[cr]	34.723	324
accb	b3255	[i]	16.687	156
accc	b3256	[i]	49.32	449
prma	b3259	[j]	31.877	293
fis	b3261	[kl]	11.24	98
yrda	b3279		20.245	184
aroe	b3281	[e]	29.413	272
rimn	b3282		20.767	190
def	b3287	[j]	19.328	169
fmt	b3288	[j]	34.168	315
mscl	b3291	[m]	14.957	136
rplq	b3294	[j]	14.364	127
rpoa	b3295	[k]	36.511	329
rpsd	b3296	[j]	23.469	206
rpsk	b3297	[j]	13.845	129
rpsm	b3298	[j]	13.099	118
rpmj	b3299	[j]	4.3643	38
secy	b3300	[u]	48.511	443
rplo	b3301	[j]	14.98	144
rpmd	b3302	[j]	6.5417	59
rpse	b3303	[j]	17.603	167
rplr	b3304	[j]	12.769	117
rplf	b3305	[j]	18.904	177
rpsh	b3306	[j]	14.126	130
rpsn	b3307	[j]	11.58	101
rple	b3308	[j]	20.301	179
rplx	b3309	[j]	11.316	104
rpln	b3310	[j]	13.541	123
rpsq	b3311	[j]	9.7043	84
rpmc	b3312	[j]	7.2734	63
rplp	b3313	[j]	15.281	136
rpsc	b3314	[j]	25.983	233
rplv	b3315	[j]	12.226	110
rpss	b3316	[j]	10.43	92
rplb	b3317	[j]	29.86	273
rplw	b3318	[j]	11.199	100
rpld	b3319	[j]	22.086	201
rplc	b3320	[j]	22.243	209
rpsj	b3321	[j]	11.735	103
gsph	b3329	[nu]	18.565	169
bfr	b3336	[p]	18.495	158
tufa	b3339	[j]	43.283	394
fusa	b3340	[j]	77.58	704
rpsg	b3341	[j]	20.019	179
rpsl	b3342	[j]	13.737	124
yheo	b3346		26.82	240
fkpa	b3347	[o]	28.882	270
slyd	b3349	[o]	20.853	196
yhes	b3352	[r]	71.843	637
yhfa	b3356	[o]	14.517	134
crp	b3357	[t]	23.64	210
argd	b3359	[e]	43.766	406
ppia	b3363	[o]	20.431	190
yhfw	b3380	[g]	44.559	408
trps	b3384	[j]	37.437	334
gph	b3385	[r]	27.389	252
rpe	b3386	[g]	24.554	225
damx	b3388	[s]	46.161	428
arob	b3389	[e]	38.881	362
arok	b3390		19.538	173
mrca	b3396	[m]	93.635	850
nude	b3397	[lr]	21.153	186
yrff	b3398		79.489	711
hslo	b3401	[o]	32.534	292
pck	b3403	[c]	59.643	540
ompr	b3405	[tk]	27.353	239
yhgf	b3407		85.119	773
feob	b3409	[p]	84.473	773
nfua	b3414		20.997	191
malq	b3416	[g]	78.503	694
malp	b3417		90.521	797
malt	b3418	[k]	103.12	901
glpr	b3423	[kg]	28.048	252
glgp	b3428	[g]	93.171	815
glga	b3429	[g]	52.822	477
glgc	b3430	[g]	48.697	431
glgx	b3431	[g]	73.576	657
glgb	b3432	[g]	84.336	728
asd	b3433	[e]	40.017	367
gntr	b3438		36.422	331
yhhw	b3439	[r]	26.279	231
yhhx	b3440	[r]	38.765	345
ggt	b3447	[e]	61.767	580
yhha	b3448		16.624	146
ugpq	b3449	[c]	27.409	247
ugpc	b3450	[g]	39.523	356
ugpb	b3453	[g]	48.448	438
livf	b3454		26.31	237
livg	b3455	[e]	28.427	255
livm	b3456	[e]	46.269	425
livk	b3458	[e]	39.378	369
livj	b3460		39.076	367
ftsx	b3462	[d]	38.543	352
ftse	b3463	[d]	24.439	222
ftsy	b3464	[u]	54.513	497
znta	b3469	[p]	76.839	732
dcrb	b3472		19.787	185
nikr	b3481	[k]	15.094	133
rbba	b3486	[v]	100.78	911
yhii	b3487	[m]	38.828	355
pita	b3493	[p]	53.388	499
uspa	b3495	[t]	16.066	144
prlc	b3498	[e]	77.166	680
yhir	b3499	[r]	31.941	280
gor	b3500	[c]	48.772	450
slp	b3506		20.964	188
hdeb	b3509		12.043	108
hdea	b3510		11.857	110
gada	b3517	[e]	52.685	466
yhje	b3523	[gepr]	47.207	440
kdgk	b3526	[g]	33.962	309
dcta	b3528	[c]	45.436	428
bcsc	b3530		127.72	1157
dppf	b3540	[e]	37.56	334
dppd	b3541	[ep]	35.844	327
dppc	b3542	[ep]	32.308	300
dppb	b3543	[ep]	37.497	339
dppa	b3544	[e]	60.293	535
ghrb	b3553		35.395	324
yiaf	b3554		25.663	236
cspa	b3556	[k]	7.4032	70
glys	b3559	[j]	76.812	689
glyq	b3560	[j]	34.774	303
xylf	b3566	[g]	35.734	330
avta	b3572		46.711	417
aldb	b3588		56.306	512
selb	b3590	[j]	68.867	614
sela	b3591	[e]	50.607	463
yibf	b3592	[o]	22.545	202
mtla	b3599	[g]	67.971	637
mtld	b3600	[g]	41.139	382
yibl	b3602		13.696	120
lldd	b3605	[c]	42.728	396
cyse	b3607	[e]	29.316	273
gpsa	b3608	[c]	36.361	339
secb	b3609	[u]	17.277	155
grxc	b3610	[o]	9.1374	83
yibn	b3611	[p]	15.596	143
gpmm	b3612		56.193	514
envc	b3613		46.594	419
tdh	b3616	[er]	37.239	341
kbl	b3617	[h]	43.117	398
rfad	b3619	[mg]	34.893	310
rfaf	b3620	[m]	39.042	348
waau	b3623		41.729	357
rpmg	b3636	[j]	6.3715	55
rpmb	b3637	[j]	9.0064	78
dfp	b3639		43.438	406
dut	b3640	[f]	16.155	151
yicc	b3644	[s]	33.175	287
gmk	b3648	[f]	23.592	207
rpoz	b3649	[k]	10.236	91
spot	b3650	[tk]	79.342	702
yich	b3655		62.272	569
nlpa	b3661	[p]	29.423	272
ilvn	b3670	[e]	11.106	96
ilvb	b3671	[eh]	60.44	562
ibpa	b3687	[o]	15.774	137
yida	b3697	[r]	29.721	270
yidb	b3698		13.786	132
gyrb	b3699		89.949	804
dnan	b3701	[l]	40.586	366
dnaa	b3702	[l]	52.55	467
rpmh	b3703	[j]	5.3803	46
rnpa	b3704	[j]	13.789	119
yidc	b3705	[u]	61.525	548
mnme	b3706		49.23	454
tnaa	b3708		52.773	471
tnab	b3709	[e]	45.21	415
yief	b3713	[r]	20.375	188
purp	b3714		46.865	445
phou	b3724	[p]	27.417	241
pstb	b3725	[p]	29.027	257
psts	b3728	[p]	37.023	346
glms	b3729	[m]	66.894	609
glmu	b3730	[m]	49.19	456
atpc	b3731	[c]	15.068	139
atpd	b3732	[c]	50.325	460
atpg	b3733	[c]	31.577	287
atpa	b3734	[c]	55.221	513
atph	b3735	[c]	19.332	177
atpf	b3736	[c]	17.264	156
atpe	b3737	[c]	8.256	79
atpb	b3738	[c]	30.303	271
rsmg	b3740		23.431	207
mnmg	b3741		69.52	629
mioc	b3742	[c]	15.807	147
asna	b3744	[e]	36.65	330
rbsd	b3748	[g]	15.292	139
rbsb	b3751	[g]	30.95	296
rbsk	b3752	[g]	32.29	309
yiep	b3755		26.076	230
yife	b3764	[s]	13.133	112
ilve	b3770		34.093	309
ilvd	b3771		65.531	616
ilva	b3772	[e]	56.195	514
ilvc	b3774	[eh]	54.068	491
ppic	b3775	[o]	10.232	93
rhlb	b3780	[lkj]	47.125	421
trxa	b3781	[oc]	11.806	109
rho	b3783	[k]	47.004	419
wzze	b3785	[m]	39.489	348
rffe	b3786		42.244	376
rffa	b3791	[m]	41.901	376
hemy	b3802	[h]	45.244	398
hemx	b3803	[h]	42.962	393
cyay	b3807	[p]	12.231	106
dapf	b3809	[e]	30.208	274
yigb	b3812	[r]	27.122	238
uvrd	b3813	[l]	81.989	720
cora	b3816	[p]	36.589	316
yigi	b3820		17.163	155
plda	b3821	[m]	33.163	289
yigl	b3826		29.707	266
mete	b3829	[e]	84.672	753
ysga	b3830		29.425	271
udp	b3831	[f]	27.159	253
ubie	b3833		28.073	251
tata	b3836		9.6639	89
tatb	b3838		18.421	171
ubid	b3843	[h]	55.603	497
fre	b3844	[hc]	26.242	233
fada	b3845		40.876	387
fadb	b3846	[i]	79.593	729
pepq	b3847	[e]	50.176	443
hemg	b3850	[ch]	21.226	181
yihd	b3858	[s]	10.273	89
dsba	b3860	[oc]	23.104	208
pola	b3863	[l]	103.12	928
yiha	b3865	[r]	23.561	210
yihi	b3866	[s]	19.059	169
hemn	b3867	[h]	52.728	457
glng	b3868	[t]	52.254	469
glnl	b3869	[t]	38.556	349
glna	b3870	[e]	51.903	469
typa	b3871		67.355	607
yihx	b3885		22.732	199
rbn	b3886	[s]	32.929	305
dtd	b3887	[j]	15.95	145
fdhe	b3891	[o]	34.746	309
soda	b3908		23.097	206
yiim	b3910	[s]	25.342	224
cpxr	b3912	[tk]	26.312	232
pfka	b3916	[g]	34.842	320
sbp	b3917	[p]	36.659	329
tpia	b3919	[g]	26.972	255
uspd	b3923		16.293	142
fpr	b3924	[c]	27.751	248
glpx	b3925	[g]	35.852	336
glpk	b3926	[c]	56.23	502
zapb	b3928		9.6347	81
rraa	b3929	[h]	17.36	161
hslu	b3931	[o]	49.593	443
hslv	b3932	[o]	19.093	176
ftsn	b3933	[d]	35.793	319
rpme	b3936	[j]	7.871	70
metj	b3938	[ke]	12.141	105
metb	b3939	[e]	41.55	386
metl	b3940	[e]	88.887	810
metf	b3941	[e]	33.102	296
katg	b3942	[p]	80.023	726
ptsa	b3947	[g]	91.773	833
eptc	b3955		66.609	577
ppc	b3956	[c]	99.061	883
arge	b3957	[e]	42.347	383
argc	b3958	[e]	35.952	334
argb	b3959	[e]	27.159	258
argh	b3960	[e]	50.318	457
oxyr	b3961	[k]	34.276	305
stha	b3962	[c]	51.56	466
trma	b3965	[j]	41.966	366
btub	b3966	[h]	68.406	614
muri	b3967	[m]	31.002	285
murb	b3972	[m]	37.851	342
coaa	b3974	[h]	36.359	316
nusg	b3982	[k]	20.531	181
rplk	b3983	[j]	14.875	142
rpla	b3984	[j]	24.729	234
rplj	b3985	[j]	17.711	165
rpll	b3986	[j]	12.295	121
rpob	b3987	[k]	150.63	1342
rpoc	b3988	[k]	155.16	1407
thih	b3990	[hr]	43.32	377
thig	b3991		26.896	256
thif	b3992		26.969	251
thie	b3993	[h]	23.015	211
thic	b3994	[h]	70.85	631
rsd	b3995	[k]	18.243	158
heme	b3997	[h]	39.248	354
yjag	b3999	[s]	22.612	196
hupa	b4000	[l]	9.5349	90
purd	b4005	[f]	45.94	429
purh	b4006	[f]	57.329	529
meta	b4013	[e]	35.727	309
aceb	b4014	[c]	60.273	533
acea	b4015	[c]	47.521	434
meth	b4019	[e]	136	1227
pepe	b4021	[e]	24.57	229
lysc	b4024	[e]	48.531	449
pgi	b4025	[g]	61.529	549
malf	b4033	[g]	57.013	514
male	b4034	[g]	43.387	396
malk	b4035	[g]	40.99	371
lamb	b4036	[g]	49.912	446
malm	b4037		31.943	306
ubic	b4039		18.777	165
plsb	b4041		91.38	807
lexa	b4043	[kt]	22.357	202
yjbj	b4045	[s]	8.3252	69
dusa	b4049		36.81	330
qora	b4051		35.172	327
dnab	b4052	[l]	52.389	471
tyrb	b4054	[e]	43.537	397
apha	b4055	[r]	26.103	237
yjbr	b4057	[s]	13.519	118
uvra	b4058	[l]	103.87	940
ssb	b4059	[l]	18.975	178
yjcd	b4064	[r]	45.711	449
actp	b4067	[r]	59.196	549
yjch	b4068	[s]	11.671	104
acs	b4069	[i]	72.093	652
yjdn	b4107		16.171	147
yjdm	b4108		12.345	111
yjcz	b4110		32.898	292
prop	b4111	[gepr]	54.845	500
basr	b4113	[tk]	25.031	222
fumb	b4122	[c]	60.105	548
lysu	b4129	[j]	57.826	505
yjdc	b4135	[k]	21.931	191
dsbd	b4136		61.794	565
dcua	b4138	[r]	45.75	433
aspa	b4139		52.356	478
gros	b4142	[o]	10.387	97
grol	b4143	[o]	57.328	548
yjei	b4144		11.958	117
efp	b4147	[j]	20.591	188
frdb	b4153	[c]	27.123	244
frda	b4154	[c]	65.971	602
yjep	b4159	[m]	123.97	1107
psd	b4160	[i]	35.934	322
rsga	b4161		39.193	350
orn	b4162		20.815	181
yjee	b4168	[r]	16.853	153
hfq	b4172	[r]	11.166	102
hflx	b4173	[r]	48.327	426
hflk	b4174	[o]	45.544	419
hflc	b4175	[o]	37.649	334
pura	b4177	[f]	47.344	432
nsrr	b4178		15.593	141
rnr	b4179		92.108	813
rlmb	b4180	[j]	26.556	243
rpsf	b4200	[j]	15.703	135
rpsr	b4202	[j]	8.9863	75
rpli	b4203	[j]	15.769	149
fklb	b4207		22.216	206
cyca	b4208	[e]	51.659	470
qorb	b4211		29.733	286
cpdb	b4213	[f]	70.831	647
cysq	b4214	[p]	27.176	246
ytfj	b4216	[r]	20.42	184
ytfl	b4218	[r]	49.762	447
msra	b4219	[o]	23.315	212
ytfp	b4222	[s]	12.866	113
ppa	b4226	[c]	19.703	176
ytfq	b4227	[g]	34.344	318
fbp	b4232	[g]	36.833	332
mpl	b4233	[m]	49.874	457
yjga	b4234	[s]	21.359	183
pmba	b4235	[r]	48.369	450
mgta	b4242	[p]	99.465	898
rida	b4243		13.611	128
pyri	b4244	[f]	17.12	153
pyrb	b4245	[f]	34.427	311
taba	b4252		16.865	150
argi	b4254	[e]	36.907	334
rrab	b4255		15.603	138
vals	b4258	[j]	108.19	951
pepa	b4260	[e]	54.879	503
lptf	b4261		40.357	366
lptg	b4262		39.618	360
yjgr	b4263	[r]	54.332	500
yjgb	b4269		36.501	339
insg	b4278		50.385	442
yjhu	b4295	[k]	36.111	328
uxua	b4322	[g]	44.838	394
uxub	b4323	[g]	53.58	486
iada	b4328		41.083	390
hsdm	b4349	[v]	59.306	529
hsdr	b4350	[v]	134.09	1170
yjia	b4352		35.659	318
tsr	b4355	[nt]	59.442	551
opgb	b4359		85.493	763
yjja	b4360		17.352	164
rsmc	b4371	[j]	37.624	343
prfc	b4375	[j]	59.573	529
osmy	b4376	[r]	21.073	201
deoc	b4381	[f]	27.733	259
deoa	b4382	[f]	47.207	440
deob	b4383	[g]	44.369	407
deod	b4384	[f]	25.95	239
lpla	b4386	[h]	37.925	338
serb	b4388	[e]	35.042	322
rada	b4389	[o]	49.472	460
yjjk	b4391	[r]	62.442	555
slt	b4392		73.352	645
trpr	b4393	[k]	12.355	108
yjjx	b4394	[s]	18.212	170
ytjc	b4395	[g]	24.065	215
rob	b4396	[k]	33.144	289
crea	b4397	[s]	17.108	157
arca	b4401	[tk]	27.292	238
yaep	b4406		7.2141	66
ecnb	b4411		4.8095	48
ygiq	b4469		83.477	739
ilvg	b4488		59.284	548
gnsa	b4517		6.5755	57
icdc	b4519		6.064	54
yecj	b4537		9.1225	83
yibt	b4554		7.9952	69
yifl	b4558		7.1771	67
