bnumber,GLC_CHEM_mu=0.11_V,GLC_CHEM_mu=0.21_V,GLC_CHEM_mu=0.31_V,GLC_CHEM_mu=0.40_V,GLC_CHEM_mu=0.49_V
b0002,1283.92,1682.15,2003.18,3023.58,3016.75
b0003,153.60,200.23,239.37,380.01,389.07
b0004,3232.54,4049.70,3877.28,4934.60,5554.55
b0005,,,,,
b0006,58.55,72.61,84.15,86.51,98.74
b0007,,,,,
b0008,6274.28,7069.10,7157.77,7460.43,7615.78
b0009,193.55,170.53,166.25,129.76,120.33
b0010,,,,,
b0011,,,,,
b0013,,,,,
b0014,8084.44,7122.46,6975.59,6736.46,6760.19
b0015,476.65,493.97,487.72,411.25,368.96
b0018,,,,,
b0019,,,,,
b0020,,,,,
b0023,11040.77,12129.31,12714.71,15159.09,17037.64
b0024,,,,,
b0025,,,,,
b0026,1498.83,1641.44,1572.23,1465.79,1336.90
b0027,,,,,
b0028,929.88,1411.51,1493.40,1345.64,1253.82
b0029,172.89,192.53,192.80,188.80,185.66
b0030,250.03,260.74,187.49,99.89,33.70
b0031,593.06,672.20,659.28,642.96,1095.66
b0032,971.90,1113.37,1490.13,2597.92,2259.31
b0033,876.84,1194.78,1460.72,1899.01,2072.46
b0034,,,,,
b0035,,,,,
b0036,,,,,
b0037,,,,,
b0038,,,,,
b0039,,,,,
b0040,,,,,
b0041,,,,,
b0042,,,,,
b0043,,,,,
b0044,,,,,
b0045,,,,,
b0046,,,,,
b0047,,,,,
b0048,396.06,424.66,315.35,270.50,240.95
b0049,95.05,91.31,80.88,70.71,70.07
b0050,,,,,
b0051,239.70,232.68,235.28,218.32,323.73
b0052,,,,,
b0053,2014.05,1791.62,1524.44,1359.37,1437.12
b0054,78.52,66.01,62.09,54.24,31.93
b0055,,,,,
b0058,,,,,
b0059,93.68,81.96,98.03,97.83,110.57
b0060,,,,,
b0061,,,,,
b0062,88.17,,,,
b0063,,,,,
b0065,,,,,
b0066,,,,,
b0067,,,,,
b0068,635.76,701.35,816.55,881.19,1017.31
b0069,,,,,
b0070,,,,,
b0071,7492.76,10272.23,8116.88,6965.76,6690.71
b0072,4506.82,5488.72,4818.41,3811.40,3412.91
b0073,3975.75,5571.78,4818.82,3498.33,3246.46
b0074,5036.50,6044.30,4497.35,3296.83,2572.99
b0075,,,,,
b0076,,,,,
b0077,792.81,941.74,781.83,708.87,741.18
b0078,1031.82,951.09,948.08,850.64,996.61
b0080,413.28,428.51,329.64,232.74,176.50
b0081,,,,,
b0082,202.51,240.94,161.76,156.53,172.06
b0083,,,,,
b0084,,,,,
b0085,90.92,150.72,109.47,118.09,143.68
b0086,129.49,122.12,123.36,144.86,154.92
b0087,,,,,
b0088,96.43,86.91,73.53,98.86,78.05
b0089,,,,,
b0090,,,,,
b0091,102.63,109.47,122.14,127.70,143.68
b0092,101.94,106.72,102.94,105.73,123.87
b0093,,,,,
b0094,370.57,386.71,408.48,307.23,337.62
b0095,2448.68,2367.00,2217.22,2093.64,2128.04
b0096,,,,,
b0097,,,,,
b0098,740.46,744.26,685.43,619.27,640.07
b0099,,,,,
b0101,,,,,
b0102,178.40,177.68,145.42,142.80,155.21
b0103,,,,,
b0104,281.03,295.94,429.72,678.66,548.12
b0106,,,,,
b0107,,,,,
b0108,,,,,
b0109,396.75,400.46,356.19,304.14,317.52
b0110,,,,,
b0111,,,,,
b0112,386.42,470.87,531.02,453.12,406.21
b0113,114.34,110.02,141.33,146.24,181.53
b0114,5859.62,6655.44,6011.99,5862.13,5980.28
b0115,3521.14,3462.77,3377.71,3139.95,3830.36
b0116,7542.36,11129.26,12025.61,10718.12,9553.43
b0117,,,,,
b0118,9052.90,11847.67,9313.72,6242.48,4639.83
b0119,,,,,
b0120,,,,,
b0121,318.23,402.66,410.11,611.72,426.32
b0122,,,,,
b0123,511.78,451.07,566.15,582.20,546.94
b0124,197.00,140.82,152.36,170.27,256.03
b0125,697.75,832.82,769.17,850.64,1055.15
b0126,2760.02,2945.14,2574.23,2812.81,2695.09
b0127,272.76,267.34,245.90,201.50,207.54
b0128,,,,,
b0129,,,,,
b0130,,,,,
b0131,,,,,
b0132,,,,,
b0133,1139.27,1046.26,916.22,813.22,852.34
b0134,2952.88,2741.61,2178.42,2164.01,2016.88
b0135,,,,,
b0136,,,,,
b0137,,,,,
b0138,,,,,
b0139,,,,,
b0140,,,,,
b0141,,,,,
b0142,,,,,
b0143,,,,,
b0144,,,,,
b0145,3678.88,4147.07,4484.28,4309.15,3712.10
b0146,,,,,
b0147,,,,,
b0148,,,,,
b0149,287.23,284.94,233.24,204.59,179.75
b0150,,,,,
b0151,,,,,
b0152,,,,,
b0153,,,,,
b0154,1181.29,1261.89,1372.49,1398.16,1534.69
b0155,,,,,
b0156,887.86,1055.61,1103.30,1192.20,1393.96
b0157,,,,,
b0158,,,,,
b0159,545.53,585.29,622.11,612.41,732.60
b0160,,,,,
b0161,1903.84,2099.66,1576.32,1285.23,1273.04
b0162,,,,,
b0163,4539.19,3759.26,2836.88,2126.60,1861.67
b0164,,,,,
b0166,2359.14,3312.59,3519.45,3913.01,4541.09
b0167,21.35,20.90,17.97,14.76,13.01
b0168,849.98,964.29,1057.55,1052.83,1303.79
b0169,11828.76,12097.96,15330.61,15064.34,17586.66
b0170,8329.66,8671.49,9890.08,11108.77,12840.69
b0171,474.58,970.34,997.50,801.89,1173.71
b0172,4169.30,3941.34,3747.79,3721.12,4190.75
b0173,,,,,
b0174,,,,,
b0175,,,,,
b0176,,,,,
b0177,491.80,501.67,479.15,406.10,423.95
b0178,8055.51,8122.51,7104.67,6684.62,7467.66
b0179,1102.77,1004.45,932.97,861.62,742.66
b0180,1988.56,2685.50,3115.06,3448.21,4052.98
b0181,1062.82,1025.90,857.40,855.44,588.92
b0182,675.02,,451.78,359.07,311.02
b0183,,,,,
b0184,,,,,
b0185,2099.46,2093.06,1760.13,1637.09,1812.89
b0186,,,,,
b0187,317.54,233.23,223.85,210.09,234.15
b0188,,,,,
b0189,746.66,736.01,787.55,743.54,822.48
b0190,,,,,
b0191,,,,,
b0192,,,,,
b0193,,,,,
b0194,2297.84,2585.94,2751.51,2787.40,2985.41
b0195,,,,,
b0196,,,,,
b0197,9284.33,10533.52,10923.54,11048.01,8783.28
b0198,,,,,
b0199,304.45,326.75,427.27,452.10,489.59
b0200,,,,,
b0201,,,,,
b0204,,,,,
b0207,427.74,587.49,384.79,174.73,130.97
b0208,38.57,31.35,25.33,18.54,19.81
b0209,,,,,
b0210,,,,,
b0211,,,,,
b0212,648.16,568.78,380.70,375.20,262.53
b0213,,,,,
b0214,,,,,
b0215,,,,,
b0217,,,,,
b0218,,,,,
b0219,,,,,
b0220,1618.68,1645.85,1452.55,1047.68,1200.61
b0221,278.96,295.94,214.45,128.73,56.47
b0222,2741.42,2733.91,2213.95,1929.90,1661.81
b0223,,,,,
b0224,,,,,
b0225,,,,,
b0226,,,,,
b0227,,,,,
b0228,,,,,
b0229,,,,,
b0230,,,,,
b0231,,,,,
b0232,,,,,
b0233,,,,,
b0234,,,,,
b0235,,,,,
b0236,,,,,
b0237,2374.29,2618.94,2613.85,2197.66,2025.45
b0238,1177.16,1703.60,1140.47,1752.08,1112.21
b0239,127.43,101.22,95.18,86.51,83.67
b0240,613.03,916.44,1389.64,1275.62,1501.28
b0241,,,,,
b0242,373.33,414.21,380.29,333.32,326.39
b0243,745.97,828.97,642.13,518.35,431.34
b0244,,,,,
b0245,,,,,
b0246,,,,,
b0247,,,,,
b0248,,,,,
b0249,,,,,
b0250,,,,,
b0251,,,,,
b0252,,,,,
b0253,,,,,
b0254,,,,,
b0256,319.60,,,,
b0258,,,,,
b0260,,,,,
b0261,79.90,77.01,57.19,,43.76
b0262,,,,,
b0263,,,,,
b0266,,,,,
b0267,,,,,
b0268,,,,,
b0269,,,,,
b0270,,,,,
b0271,,,,,
b0272,,,,,
b0273,,,,,
b0276,,,,,
b0277,,,,,
b0278,,,,,
b0279,,,,,
b0280,,,,,
b0281,,,,,
b0283,,,,,
b0284,,,,,
b0285,,,,,
b0286,,,,,
b0287,,,,,
b0288,,,,,
b0289,,,,,
b0290,,,,,
b0291,,,,,
b0292,,,,,
b0293,,,,,
b0294,,,,,
b0295,,,,,
b0296,,,,,
b0297,,,,,
b0300,,,,,
b0301,,,,,
b0303,,,,,
b0304,,,,,
b0305,,,,,
b0306,,,,,
b0307,,,,,
b0308,,,,,
b0310,,,,,
b0311,,,,,
b0312,,,,,
b0313,,,,,
b0314,,,,,
b0315,,,,,
b0316,,,,,
b0317,,,,,
b0318,,,,,
b0319,,,,,
b0320,,,,,
b0321,,,,,
b0323,,,,,
b0324,,,,,
b0325,7218.62,4104.16,2593.84,1748.31,1311.77
b0326,,,,,
b0327,,,,,
b0328,,,,,
b0329,20606.82,9146.76,10175.61,8421.94,2329.08
b0330,,,,,
b0331,561.37,,,,
b0333,410.52,,,,
b0334,772.14,,,,
b0335,,,,,
b0336,,,,,
b0337,648.16,1076.51,1579.59,2113.55,1667.43
b0338,,,,,
b0339,,,,,
b0340,,,,,
b0341,,,,,
b0346,48.22,62.71,36.76,16.48,8.87
b0347,,,,,
b0348,,,,,
b0349,,,,,
b0350,,,,,
b0351,,,,,
b0352,,,,,
b0353,,,,,
b0354,228.68,222.23,226.30,241.67,234.15
b0355,,,,,
b0356,672.27,683.75,539.19,465.48,444.06
b0357,174.96,173.83,182.59,156.53,180.64
b0358,,,,,
b0363,,,,,
b0364,,,,,
b0365,,,,,
b0366,,,,,
b0367,,,,,
b0368,,,,,
b0369,1263.26,1547.93,1260.57,854.76,1571.94
b0375,,,,,
b0376,,,,,
b0377,,,,,
b0378,,,,,
b0379,,,,,
b0380,,,,,
b0381,513.84,18.70,26.14,939.55,37.84
b0382,2291.64,2011.10,1789.14,1411.55,
b0383,,,,,
b0384,274.83,,,,
b0385,,,,,
b0386,1241.91,969.79,714.43,637.12,608.73
b0387,,,,,
b0388,252.10,304.20,325.97,273.59,238.29
b0389,1320.43,,,,679.98
b0390,438.77,336.65,,164.09,
b0391,1298.39,,,,
b0392,,,,,
b0393,393.99,394.41,376.62,317.53,373.40
b0394,467.70,363.05,283.08,211.46,150.48
b0396,,,,,
b0397,,,,,
b0398,,,,,
b0399,100.56,,,,
b0400,,,,,
b0401,,,,,
b0402,,,,,
b0403,,,,,
b0404,,,,,
b0405,,,,,
b0406,82.66,100.11,117.64,145.55,155.51
b0407,2967.35,3695.45,3511.69,3063.74,1968.69
b0408,174.27,178.23,185.86,166.83,151.96
b0409,121.23,37.41,201.79,31.58,25.43
b0410,529.00,595.19,435.03,390.65,282.64
b0411,277.59,244.24,236.92,225.88,161.42
b0412,,,,,
b0413,255.54,251.39,209.96,116.71,196.31
b0414,51.66,41.81,48.20,32.27,37.55
b0415,4907.01,6029.45,7324.02,6951.35,6608.82
b0416,1510.54,1619.44,1830.80,1745.90,1804.31
b0417,192.18,176.03,166.66,160.31,138.36
b0418,,,,,
b0419,1136.52,822.92,598.83,433.56,347.97
b0420,110.21,107.82,100.08,78.61,69.18
b0421,183.91,187.03,176.05,144.52,133.04
b0422,492.49,465.37,380.70,293.50,314.86
b0423,,,,,
b0424,408.46,416.41,415.83,414.33,465.64
b0425,,,,,
b0426,5396.06,4650.39,3865.02,3683.70,4125.41
b0427,,,,,
b0428,,,,,
b0429,,,,,
b0430,,,,,
b0431,758.37,1169.47,1262.20,1521.40,1915.18
b0432,866.51,1267.39,1525.67,1423.91,1863.44
b0433,,,,,
b0434,1108.28,1270.14,1180.91,1072.05,978.28
b0435,539.33,715.11,1336.54,740.45,1390.12
b0436,6359.00,6911.23,7938.37,7805.08,9067.98
b0437,3523.21,3953.99,3935.28,3194.53,3846.62
b0438,799.01,959.89,1222.99,1219.32,1368.24
b0439,1403.77,1343.30,1448.06,1434.55,1371.20
b0440,24968.30,24208.56,19893.73,14063.00,10861.65
b0441,843.78,902.13,859.03,738.04,664.02
b0442,,,,,
b0443,582.04,419.71,200.56,75.86,35.48
b0444,306.52,303.65,335.77,301.74,324.32
b0445,,,,,
b0446,,,,,
b0447,,,,,
b0448,,,,,
b0449,,,,,
b0450,,,,,
b0451,,,,,
b0452,239.01,196.93,160.53,148.64,157.28
b0453,2613.31,1858.73,2225.39,2125.91,1703.50
b0454,,,,,
b0455,,,,,
b0456,451.85,,,,
b0457,,,,,
b0458,,,,,
b0459,,,,,
b0460,,,,,
b0461,,,,,
b0462,225.93,259.09,251.62,242.01,173.25
b0463,1278.41,1218.43,1173.56,1003.05,847.91
b0464,,,,,
b0465,,,,,
b0466,,,,,
b0467,,,,,
b0468,,,,,
b0469,701.89,779.47,828.39,923.76,1140.89
b0470,41.33,41.81,37.58,30.21,28.97
b0471,2337.10,,,2037.69,2488.73
b0472,,,,,
b0473,1383.11,1352.65,1331.23,1329.85,1264.17
b0474,3355.14,4387.45,3628.11,3412.85,3973.75
b0475,,,,,
b0476,,,,,
b0477,,,,,
b0478,,,,,
b0479,,,,,
b0480,621.30,507.18,521.63,454.84,404.44
b0481,259.68,365.25,355.38,269.13,469.48
b0482,,,,,
b0483,,,,,
b0484,318.23,360.85,375.39,324.05,282.04
b0485,,,,,
b0486,,,,,
b0487,,,,,
b0488,,,,,
b0489,,,,,
b0490,,,,,
b0491,,,,,
b0492,1560.13,1589.19,1709.89,1651.85,1643.78
b0493,,,,,
b0494,205.26,202.43,194.44,157.91,148.41
b0495,,,,,
b0496,,,,,
b0497,,,,,
b0498,,,,,
b0499,,,,,
b0502,,,,,
b0503,,,,,
b0504,,,,,
b0505,,,,,
b0506,56.48,62.71,66.99,68.66,78.64
b0507,,,,,
b0508,,,,,
b0509,,,,,
b0511,,,,,
b0512,,,,,
b0513,,,,,
b0514,,,,,
b0515,146.03,,,,
b0516,,,,,
b0517,,,,,
b0518,,,,,
b0520,,,,,
b0521,,,,,
b0522,261.74,,,435.96,
b0523,1174.40,1863.68,2097.95,2426.96,3157.47
b0524,,,,,
b0525,3963.35,4513.97,3652.62,3681.98,4366.06
b0526,390.55,381.76,439.52,417.77,518.26
b0527,,,,,
b0528,784.54,868.03,820.23,995.50,1143.85
b0529,361.62,413.11,462.81,502.90,501.12
b0530,,,,,
b0531,,,,,
b0532,,,,,
b0533,,,,,
b0534,,,,,
b0535,,,,,
b0536,,,,,
b0537,,,,,
b0543,,,,,
b0544,,,,,
b0545,,,,,
b0546,,,,,
b0547,,,,,
b0548,,,,,
b0549,,,,,
b0550,,,,,
b0551,,,,,
b0553,,,,,
b0554,,,,,
b0555,,,,,
b0562,,,,,
b0564,,,,,
b0565,511.78,531.38,548.18,602.79,624.99
b0566,,,,,
b0567,,,,,
b0568,,,,,
b0569,,,,,
b0570,,,,,
b0571,303.76,304.75,164.62,154.47,110.87
b0572,297.56,341.05,233.24,142.80,100.81
b0573,2650.50,2685.50,2325.06,1550.24,1212.73
b0574,352.67,457.67,369.67,251.28,171.47
b0575,,,,,
b0576,,,,,
b0577,,,,,
b0578,1501.58,1915.39,1914.54,1922.69,2124.49
b0579,,,,,
b0580,,,,,
b0581,965.70,703.00,565.33,381.04,
b0583,,,,,
b0584,,,,,
b0585,,,,,
b0586,,,,,
b0587,,,,,
b0588,,,,,
b0589,,,,,
b0590,,,,,
b0591,,,,,
b0592,123.98,189.23,72.71,,120.62
b0593,,,,,
b0594,,,,,
b0595,,,,,
b0596,,,,,
b0597,,,,,
b0598,1435.46,1829.57,1358.60,721.57,136.59
b0599,,,,,
b0600,,,,,
b0601,,,,,
b0602,,,,,
b0603,,,,,
b0604,53.73,47.31,56.78,58.36,62.09
b0605,18460.52,22007.13,19075.54,16175.53,15751.00
b0606,691.55,750.31,834.52,772.03,744.13
b0607,3489.46,3029.85,2915.31,2447.56,2140.46
b0608,217.66,,,,
b0610,834.83,,,,
b0611,,,,,
b0612,,,,,
b0613,,,,,
b0614,,,,,
b0615,,,,,
b0616,,,,,
b0617,,,,,
b0618,,,,,
b0619,,,,,
b0620,,,,,
b0621,,,,,
b0622,,,,,
b0623,15393.99,17963.48,16610.78,19466.52,20163.48
b0624,,,,,
b0627,,,,,
b0628,522.11,561.08,472.20,433.90,439.33
b0629,,,,,
b0630,,,,,
b0631,3194.65,2780.11,2233.56,2188.39,2475.13
b0632,608.90,704.11,828.39,856.82,989.81
b0633,37.20,48.41,39.21,35.70,45.82
b0634,,,,,
b0635,,,,,
b0636,,,,,
b0637,,,,,
b0638,,,,,
b0639,,,,,
b0640,,,,,
b0641,,,,,
b0642,1737.84,2008.90,1921.48,1857.81,1782.14
b0643,1638.65,1203.03,845.96,692.73,520.04
b0644,,,,,
b0645,,,,,
b0646,,,,,
b0647,,,,,
b0648,,,,,
b0649,,,,,
b0650,,,,,
b0651,142.58,181.53,151.55,125.64,75.98
b0652,,,,,
b0653,,,,,
b0654,,,,,
b0655,4325.66,3799.42,3133.85,2267.68,1849.84
b0657,,,,,
b0658,179.09,201.33,207.92,185.03,172.66
b0659,,,,,
b0660,670.89,600.69,698.50,677.97,755.07
b0661,,,,,
b0662,87.48,71.51,60.45,60.07,59.13
b0665,,,,,
b0670,,,,,
b0672,,,,,
b0673,,,,,
b0674,412.59,525.88,673.17,755.21,740.88
b0675,593.06,581.99,526.53,477.15,496.09
b0676,41.33,43.46,48.20,32.95,26.90
b0677,250.03,,146.24,,
b0678,1611.10,1381.81,1207.46,969.76,761.58
b0679,894.75,985.75,651.93,405.41,192.76
b0680,1201.96,1293.24,1414.97,1425.28,1435.35
b0681,,,,,
b0682,,,,,
b0683,3227.03,2868.13,2506.02,2107.37,2114.44
b0684,268.63,242.59,196.89,189.49,195.72
b0685,,,,,
b0686,626.12,644.15,584.94,598.33,501.12
b0687,522.11,501.67,412.97,369.37,415.67
b0688,1693.07,1668.40,1549.36,1281.79,1184.64
b0689,,,,,
b0691,,,,,
b0692,,,,,
b0693,,,,,
b0694,,,,,
b0695,,,,,
b0696,,,,,
b0697,,,,,
b0698,,,,,
b0699,,,,,
b0700,,,,,
b0702,,,,,
b0703,,,,,
b0704,,,,,
b0705,,,,,
b0706,,,,,
b0707,,,,,
b0708,,,,,
b0709,,,,,
b0710,899.57,903.78,763.04,729.81,564.68
b0711,,,,,
b0712,96.43,94.61,92.32,76.89,68.00
b0713,,,,,
b0714,,,,,
b0715,,,,,
b0716,,,,,
b0717,,,,,
b0718,,,,,
b0719,,,,,
b0720,8331.72,10668.29,8793.73,7284.33,4644.27
b0721,,,,,
b0722,307.89,637.00,620.89,457.24,214.64
b0723,2939.80,4296.69,4826.58,4098.72,2475.72
b0724,3051.38,4149.82,4423.42,4554.25,2310.75
b0726,2043.67,2905.53,3180.82,3182.86,2125.38
b0727,3550.07,4651.49,5315.94,4969.61,4079.88
b0728,7535.47,10495.02,10577.96,9832.81,5845.76
b0729,6423.06,10069.25,9763.46,8825.64,5562.83
b0730,,,,,
b0731,,,,,
b0732,,,,,
b0733,1228.13,1280.59,1134.75,807.39,692.69
b0734,668.82,697.50,557.57,397.86,321.36
b0735,,,,,
b0736,,,,,
b0737,136.38,171.63,150.32,148.98,185.07
b0738,,,,,
b0739,,,,,
b0740,2404.60,2363.70,2297.28,2101.19,2508.83
b0741,92.30,95.16,101.71,102.30,107.32
b0742,708.09,673.85,710.75,644.67,711.91
b0746,,,,,
b0749,,,,,
b0750,188.73,231.03,209.14,192.23,212.86
b0751,,,,,
b0752,,,,,
b0753,3109.93,,,,
b0754,1326.63,1881.28,2142.06,3132.05,3710.33
b0755,10478.71,9191.32,7016.44,6712.77,6202.60
b0756,863.07,835.57,754.05,778.55,720.78
b0757,324.42,271.74,225.48,167.52,117.67
b0759,639.89,616.64,481.19,449.35,390.84
b0760,48.90,61.06,59.64,55.61,61.49
b0761,,,,,
b0762,,,,,
b0763,880.97,983.55,1155.18,904.53,636.82
b0764,,,,,
b0765,77.15,,40.03,,
b0766,,,,,
b0767,2739.36,1874.13,1697.23,1570.49,1371.49
b0768,,,,,
b0769,,,,,
b0770,,,,,
b0771,,,,,
b0772,71.64,76.46,77.20,69.34,78.35
b0773,502.82,317.40,237.33,231.37,133.63
b0774,,,,,
b0775,,,,,
b0776,,,,,
b0777,,,,,
b0778,78.52,,111.11,97.49,125.35
b0779,112.96,95.71,78.84,66.25,62.38
b0780,,,,,
b0781,,,,,
b0782,3342.75,3409.41,2950.03,2548.14,2355.39
b0783,278.28,267.34,301.87,260.55,237.99
b0784,386.42,367.45,331.68,350.14,285.59
b0785,311.34,300.89,324.33,286.64,315.45
b0786,,,,,
b0787,,,,,
b0788,,,,,
b0789,,,,,
b0790,,,,,
b0791,,,,,
b0792,,,,,
b0793,,,,,
b0794,,,,,
b0795,,,,,
b0796,,,,,
b0797,,,,,
b0798,,,,,
b0799,,,,,
b0800,1013.22,1060.56,1159.26,1032.58,1052.49
b0801,774.90,1112.27,1368.40,1393.70,1516.65
b0802,,,,,
b0803,,,,,
b0804,,,,,
b0805,,,,,
b0806,,,,,
b0807,,,,,
b0808,,,,,
b0809,1472.65,1460.47,1183.77,1137.62,761.58
b0810,,,,,
b0811,12252.37,14497.96,13661.98,9085.84,5384.26
b0812,7820.63,8765.56,9892.13,8664.98,5809.99
b0813,,,,,
b0814,,,,,
b0815,,,,,
b0816,,,,,
b0817,,,,,
b0818,,,,,
b0819,1651.74,1674.45,1791.18,1814.22,2287.39
b0820,201.82,282.74,238.14,232.74,274.65
b0821,,,,,
b0822,,,,,
b0823,,,,,
b0824,,,,,
b0825,,,,,
b0826,,,,,
b0827,265.19,235.99,251.62,230.34,228.24
b0828,,,,,
b0829,,,,,
b0830,831.38,714.01,698.09,578.42,580.05
b0831,,,,,
b0832,,,,,
b0833,,,,,
b0834,,,,,
b0835,,,,,
b0836,,,,,
b0837,,,,,
b0838,1958.26,1766.86,1557.12,1474.37,1161.88
b0839,1776.41,1375.21,1259.34,1018.50,922.41
b0840,,,,,
b0841,,,,,
b0842,,,,,
b0843,,,,,
b0844,,,,,
b0845,,,,,
b0846,,,,,
b0847,,,,,
b0848,,,,,
b0849,,,,,
b0850,,,,,
b0851,148.78,148.52,126.63,136.62,122.40
b0852,,,,,
b0853,,,,,
b0854,5625.43,3696.55,2657.56,2100.51,1699.06
b0855,198.37,192.53,138.88,112.59,
b0856,,,,,
b0857,,,,,
b0858,,,,,
b0859,,,,,
b0860,2045.74,2941.84,4196.71,3757.85,7098.40
b0861,,,,,
b0862,,,,,
b0863,3333.79,2724.01,2994.56,3210.66,2744.16
b0864,340.27,,241.41,210.09,243.02
b0865,458.05,332.25,288.79,238.92,181.23
b0866,,,,,
b0867,,,,,
b0868,,,,,
b0869,,,,,
b0870,515.22,633.14,678.07,573.96,598.09
b0871,2444.55,1713.51,1352.06,1071.02,807.11
b0872,,,,,
b0873,,,,,
b0874,,,,,
b0875,,,,,
b0876,,,,,
b0877,,,,,
b0878,9.64,,,,
b0879,,,,,
b0880,5028.93,3817.57,2267.87,1407.09,588.92
b0881,,,,,
b0882,880.97,1054.51,1276.09,1245.06,1354.05
b0884,2679.43,2981.44,3197.16,3324.63,4038.49
b0885,,,,,
b0886,,,,,
b0887,,,,,
b0888,1487.81,2144.22,2097.95,1922.69,2376.97
b0889,6170.27,5918.33,4831.08,4103.87,4378.78
b0890,,,,,
b0891,714.97,758.56,932.56,934.40,1116.35
b0892,,,,,
b0893,1873.54,2052.36,2178.01,2023.61,2144.30
b0894,,,,,
b0895,,,,,
b0896,,,,,
b0897,6383.80,4735.11,2197.21,2407.05,1620.42
b0898,,,,,
b0899,,,,,
b0900,,,,,
b0901,,,,,
b0902,328.56,299.24,260.61,258.49,253.66
b0903,11018.04,9016.40,6291.80,5409.01,4594.60
b0904,,,,,
b0905,,,,,
b0906,,,,,
b0907,4226.48,5654.84,6009.54,5967.86,8001.89
b0908,399.50,397.16,446.88,526.59,700.68
b0909,,,,,
b0910,405.70,370.76,308.40,297.28,338.51
b0911,9619.78,9869.57,11901.43,12827.21,13744.77
b0912,8597.60,6740.16,5672.54,4702.54,4291.27
b0913,,,,,
b0914,68.88,68.76,62.50,61.10,49.67
b0915,,,,,
b0916,,,,,
b0917,509.71,518.18,486.91,493.97,609.62
b0918,360.24,390.56,410.11,405.75,453.81
b0919,,,,,
b0920,,,,,
b0921,,,,,
b0922,,,,,
b0923,251.41,245.89,188.72,187.77,184.19
b0924,90.92,,,,
b0925,,,,,
b0926,,,,,
b0927,967.07,824.02,617.21,544.78,601.63
b0928,4789.91,7065.80,7714.53,6069.13,5575.54
b0929,2516.87,3787.32,2870.38,2354.19,695.65
b0930,2355.70,2881.33,2999.46,2769.90,2977.43
b0931,401.57,477.47,450.55,395.45,443.76
b0932,1264.64,1380.71,1338.18,1032.58,941.92
b0933,,,,,
b0934,,,,,
b0935,,,,,
b0936,,,,,
b0937,,,,,
b0938,,,,,
b0939,,,,,
b0940,,,,,
b0941,,,,,
b0942,,,,,
b0943,,,,,
b0944,,,,,
b0945,117.78,199.13,309.63,358.38,542.21
b0946,,,,,
b0947,234.88,163.92,160.53,121.52,91.65
b0948,16.53,16.50,15.52,15.79,13.60
b0949,,,,,
b0950,,,,,
b0951,,,,,
b0952,,,,,
b0953,4775.45,1404.91,635.59,257.46,
b0954,5752.86,5037.10,4936.06,5166.31,4232.14
b0955,,,,,
b0956,216.28,196.38,164.62,129.76,116.78
b0957,4220.96,4493.62,5160.72,5035.86,4884.92
b0958,,,,,
b0959,,,,,
b0960,,,,,
b0961,,,,,
b0962,308.58,303.10,320.66,275.65,247.75
b0963,1041.47,877.38,1050.20,762.76,629.13
b0964,,,,,
b0965,1938.97,1577.64,1494.21,1115.65,1033.57
b0966,,,,,
b0967,52.35,66.01,68.62,80.33,71.55
b0968,230.75,146.87,109.06,86.16,74.50
b0969,,,,,
b0970,139.14,,,,
b0971,,,,,
b0972,,,,,
b0973,,,,,
b0974,,,,,
b0975,,,,,
b0976,,,,,
b0977,,,,,
b0978,,,,,
b0979,,,,,
b0980,,,,,
b0981,,,,,
b0982,,,,,
b0983,,,,,
b0984,,,,,
b0985,,,,,
b0986,,,,,
b0987,,,,,
b0989,,,,,
b0990,,,,,
b0991,,,,,
b0992,,,,,
b0993,,,,,
b0994,,,,,
b0995,,,,,
b0996,,,,,
b0997,,,,,
b0998,,,,,
b0999,,,,,
b1000,563.44,460.97,399.08,370.74,362.75
b1001,,,,,
b1002,3300.73,2537.53,1420.28,760.01,413.31
b1003,3432.29,2148.07,1952.94,1997.53,1718.58
b1004,8876.56,5951.34,5236.70,4282.72,3793.70
b1006,,,,,
b1007,,,,,
b1008,,,,,
b1009,,,,,
b1010,,,,,
b1011,,,,,
b1012,,,,,
b1013,,,,,
b1014,,,,,
b1015,,,,,
b1018,271.39,462.07,622.52,446.26,730.83
b1019,,,,,
b1020,,,,,
b1021,,,,,
b1022,,,,,
b1023,,,,,
b1024,,,,,
b1025,,,,,
b1026,,,,,
b1027,,,,,
b1028,,,,,
b1029,,,,,
b1032,,,,,
b1033,378.84,472.52,434.21,409.19,372.22
b1034,,,,,
b1035,440.14,533.58,549.00,569.50,652.19
b1036,,,,,
b1037,,,,,
b1038,686.04,,,,
b1039,,,,,
b1040,110.21,,,,
b1041,,,,,
b1042,2405.29,,,,
b1043,513.84,,,,
b1044,,,,,
b1045,465.63,321.25,238.96,181.25,171.18
b1046,,,,,
b1047,,,,,
b1048,1598.70,2343.90,2128.99,1945.69,1419.09
b1049,42.71,57.21,44.12,,39.02
b1050,,,,,
b1051,760.43,513.78,417.06,388.59,314.86
b1053,,,,,
b1054,,,,,
b1055,,,,,
b1056,907.15,910.94,895.79,743.54,612.57
b1057,,,,,
b1058,,,,,
b1059,274.83,327.85,285.94,272.56,297.12
b1060,,,,,
b1061,,,,,
b1062,1131.70,1269.59,1250.76,1440.73,1325.07
b1063,,,,,
b1064,1509.85,1498.42,1539.15,1518.31,1386.86
b1065,,,,,
b1066,,,,,
b1067,476.65,499.47,484.46,469.26,491.95
b1068,,,,,
b1069,,,,,
b1070,154.98,,,,
b1071,542.09,,,,
b1072,,,,,
b1073,,,,,
b1074,,,,,
b1075,,,,,
b1076,,,,,
b1077,,,,,
b1078,,,,,
b1079,106.08,,,,
b1080,,,,,
b1081,,,,,
b1082,143.27,,,,
b1083,320.98,,,,
b1084,1206.78,924.14,964.83,935.08,989.81
b1085,,,,,
b1086,57.86,66.01,61.27,56.98,64.45
b1087,690.87,590.79,458.72,355.29,319.30
b1088,284.47,311.90,349.25,330.23,395.28
b1089,4758.92,4703.20,5144.38,5971.64,7280.22
b1090,,,,,
b1091,1749.55,1680.50,1562.02,1412.93,1559.52
b1092,3402.67,3295.54,3388.74,3078.50,3391.62
b1093,3636.17,3468.82,3484.32,3534.03,3790.15
b1094,35186.65,20622.03,25519.29,21359.34,18504.63
b1095,712.91,853.18,935.01,939.55,964.09
b1096,,,,,
b1097,,,,,
b1098,54.42,54.46,53.10,54.24,61.49
b1099,,,,,
b1100,,,,,
b1101,1593.88,2549.08,3072.58,2949.43,1415.54
b1102,,,,,
b1103,3886.21,4005.70,3874.83,3551.19,3388.08
b1104,,,,,
b1105,380.91,289.89,239.37,257.80,235.92
b1106,,,,,
b1107,84.03,88.01,93.13,89.94,105.25
b1108,1398.95,1120.52,957.47,838.62,859.73
b1109,352.67,313.55,313.71,314.10,419.52
b1110,,,,,
b1111,,,,,
b1112,,,,,
b1113,,,,,
b1114,61.99,59.96,53.10,50.12,53.81
b1115,,,,,
b1116,,,,,
b1117,120.54,119.37,109.06,105.73,128.60
b1118,,,,,
b1119,108.83,,,,
b1120,252.10,279.99,312.49,259.86,265.78
b1121,,,,,
b1122,,,,,
b1123,4711.39,4067.31,4238.78,3790.11,3209.51
b1124,,,,,
b1125,,,,,
b1126,211.46,235.44,250.40,235.49,264.60
b1127,582.04,475.27,452.19,388.25,250.41
b1128,842.40,721.71,657.24,594.21,607.55
b1129,,,,,
b1130,1354.18,1564.43,1416.20,1331.57,1213.03
b1131,1378.29,1396.66,1642.90,1811.47,2221.47
b1132,,,,,
b1133,138.45,188.13,148.69,121.86,148.41
b1134,,,,,
b1135,,,,,
b1136,11865.26,17197.77,18013.09,14633.19,13763.69
b1137,,,,,
b1138,,,,,
b1139,,,,,
b1140,,,,,
b1141,,,,,
b1143,,,,,
b1144,,,,,
b1145,,,,,
b1146,,,,,
b1147,,,,,
b1148,,,,,
b1150,,,,,
b1151,,,,,
b1152,,,,,
b1153,,,,,
b1154,,,,,
b1155,,,,,
b1156,,,,,
b1157,,,,,
b1158,,,,,
b1159,,,,,
b1160,,,,,
b1161,,,,,
b1162,,,,,
b1163,,,,,
b1164,,,,,
b1165,,,,,
b1166,,,,,
b1167,,,,,
b1168,,,,,
b1171,,,,,
b1172,,,,,
b1174,1989.25,1557.83,1417.42,1424.60,1329.80
b1175,2981.13,2889.58,2523.17,2023.96,1663.29
b1176,112.96,113.32,120.91,102.30,118.85
b1177,,,,,
b1178,,,,,
b1179,433.26,516.53,500.39,465.83,489.29
b1180,170.13,193.08,127.45,83.76,112.34
b1181,,,,,
b1182,216.28,,,,
b1183,,,,,
b1184,,,,,
b1185,,,,,
b1186,,,,,
b1187,254.86,276.69,224.25,209.06,205.77
b1188,75.08,52.26,61.27,51.15,39.62
b1189,316.16,451.07,452.19,399.57,206.95
b1190,64.75,62.16,44.52,27.12,13.60
b1191,,,,,
b1192,79.90,81.41,70.26,52.86,61.49
b1193,,,,,
b1194,,,,,
b1195,,,,,
b1196,,,,,
b1197,1737.15,876.28,461.17,300.37,235.33
b1198,61.99,,,107.79,
b1199,325.80,225.53,185.86,196.01,207.84
b1200,1800.52,1479.72,977.08,849.61,552.85
b1201,,,,,
b1202,,,,,
b1203,608.90,810.82,964.83,972.50,1148.87
b1204,,,,,
b1205,,,,,
b1206,,,,,
b1207,2808.24,3275.19,3299.28,3029.07,3196.79
b1208,,,,,
b1209,103.32,92.41,107.02,92.68,103.48
b1210,,,,,
b1211,,,,,
b1212,,,,,
b1213,,,,,
b1214,,,,,
b1215,2437.66,2429.16,2468.03,2370.32,2475.42
b1216,,,,,
b1217,382.97,126.52,118.46,114.65,128.90
b1218,,,,,
b1219,3328.28,2497.92,1428.86,994.82,871.85
b1220,,,,,
b1221,593.06,645.25,863.12,817.68,728.76
b1222,,,,,
b1223,,,,,
b1224,,,,,
b1225,,,,,
b1226,,,,,
b1227,,,,,
b1229,,,,,
b1232,515.22,663.40,580.04,836.91,887.52
b1233,,,,,
b1234,,,,,
b1235,,,,,
b1236,1675.85,1481.92,1455.41,1419.10,1522.27
b1237,26213.65,24591.97,21287.86,17994.89,15555.29
b1238,,,,,
b1241,7585.75,7433.81,7706.36,7498.87,6020.19
b1242,,,,,
b1243,8617.57,9051.60,10368.41,9371.45,9442.56
b1244,,,,,
b1245,,,,,
b1246,,,,,
b1247,,,,,
b1248,,,,,
b1249,,,,,
b1250,,,,,
b1251,2919.82,3985.89,4283.72,3673.40,3145.65
b1252,,,,,
b1253,,,,,
b1254,,,,,
b1255,,,,,
b1256,,,,,
b1257,1279.10,620.49,377.43,220.38,168.81
b1258,1808.79,1633.74,904.37,716.07,437.55
b1259,531.06,,,,
b1260,1702.71,2049.61,2491.31,2406.02,3168.71
b1261,1269.46,1524.83,1618.80,1921.66,1980.22
b1262,478.03,491.77,500.79,599.36,746.20
b1263,217.66,188.13,193.62,320.62,317.52
b1264,91.61,106.17,72.71,135.25,126.54
b1266,,,,,
b1267,633.70,523.68,414.20,361.81,368.08
b1268,,,,,
b1269,124.67,151.27,160.94,154.13,150.78
b1270,,,,,
b1271,,,,,
b1272,62.68,66.56,78.84,77.58,81.89
b1273,653.67,583.09,558.80,523.84,603.11
b1274,447.03,410.91,392.96,352.54,376.65
b1275,152.22,167.78,196.89,181.25,164.67
b1276,2007.16,1890.63,1696.00,1057.63,797.06
b1277,,,,,
b1278,,,,,
b1279,523.49,,,,
b1280,34.44,37.41,27.78,21.97,19.51
b1281,170.13,226.08,295.74,308.61,425.14
b1282,,,,,
b1283,,,,,
b1284,219.73,257.44,215.68,204.25,171.47
b1285,,,,,
b1286,283.10,346.55,370.08,426.01,478.94
b1287,,,,,
b1288,7239.97,6740.16,6600.61,6947.57,8912.77
b1289,,,,,
b1290,,,,,
b1291,,,,,
b1292,,,,,
b1293,,,,,
b1294,42.71,,32.68,32.95,24.24
b1295,210.77,,,,
b1296,,,,,
b1297,,,,,
b1298,,,,,
b1299,,,,,
b1300,,,,,
b1301,,,,,
b1302,,,,,
b1303,,,,,
b1304,1500.89,1708.00,1502.38,1440.39,1118.12
b1305,44.08,52.81,56.37,45.31,37.55
b1306,,,,,
b1307,,,,,
b1308,936.08,,,,
b1309,,,,,
b1310,,,,,
b1311,,,,,
b1312,,,,,
b1313,,,,,
b1314,,,,,
b1315,,,,,
b1316,,,,,
b1317,,,,,
b1319,,,,,
b1320,,,,,
b1321,476.65,,349.66,,397.34
b1322,,,,,
b1323,82.66,74.26,70.67,62.48,59.13
b1324,10275.51,12458.81,12420.20,11797.38,12449.85
b1325,296.87,264.59,174.83,124.27,91.65
b1326,109.52,117.72,65.36,72.09,44.94
b1327,,,,,
b1328,,,,,
b1329,509.02,463.17,377.03,250.25,192.76
b1330,,,,,
b1332,,,,,
b1333,1921.06,1727.26,1339.40,1093.68,899.64
b1334,832.76,953.84,1141.70,1058.32,1125.22
b1335,,,,,
b1336,,,,,
b1337,,,,,
b1338,,,,,
b1339,,,,,
b1340,,,,,
b1341,35.82,,38.40,19.91,16.56
b1342,,,,,
b1343,,,,,
b1344,,,,,
b1345,,,,,
b1346,,,,,
b1347,,,,,
b1348,,,,,
b1349,,,,,
b1350,,,,,
b1351,,,,,
b1352,,,,,
b1353,,,,,
b1355,,,,,
b1356,125.36,,,,
b1357,,,,,
b1358,,,,,
b1359,,,,,
b1360,,,,,
b1361,,,,,
b1362,,,,,
b1363,,,,,
b1365,,,,,
b1366,,,,,
b1368,,,,,
b1370,,,,,
b1372,,,,,
b1374,,,,,
b1375,,,,,
b1376,6064.19,5143.27,2665.73,1331.57,700.08
b1377,,,,,
b1378,84.72,72.06,59.23,51.83,51.15
b1379,,,,,
b1380,821.74,765.16,767.53,653.26,594.54
b1381,,,,,
b1382,,,,,
b1383,,,,,
b1384,,,,,
b1385,,,,,
b1386,,,,,
b1387,,,,,
b1388,,,,,
b1389,,,,,
b1390,,,,,
b1391,,,,,
b1392,,,,,
b1393,,,,,
b1394,,,,,
b1395,,,,,
b1396,,,,,
b1397,,,,,
b1398,,,,,
b1399,,,,,
b1400,244.52,141.92,166.25,,30.75
b1406,2840.61,2004.50,841.47,735.30,425.14
b1407,,,,,
b1408,,,,,
b1409,,,,,
b1410,,,,,
b1411,,,,,
b1412,608.21,754.71,689.51,645.70,629.13
b1413,,,,,
b1414,1424.44,1085.86,662.14,634.72,430.46
b1415,23075.48,,,,
b1418,,,,,
b1419,,,,,
b1420,,,,,
b1421,187.35,,,,
b1422,341.64,357.55,325.97,298.99,224.69
b1423,552.42,298.69,68.62,25.06,11.23
b1424,144.65,141.37,124.99,105.73,98.15
b1426,1574.60,935.69,248.76,61.79,33.11
b1427,186.66,137.52,,84.79,57.95
b1428,,,,,
b1429,,,,,
b1430,175.64,179.88,222.21,193.61,218.18
b1431,2730.40,1777.87,976.67,720.88,559.36
b1432,,,,,
b1433,,,,,
b1434,,,,,
b1435,,,,,
b1436,,,,,
b1438,,,,,
b1439,,,,,
b1440,6277.03,3519.43,785.10,336.07,123.87
b1441,351.29,187.03,,,
b1442,,,,,
b1443,,,,,
b1444,4096.98,,,,
b1445,,,,,
b1446,617.85,,,,
b1447,,,,,
b1448,,,,,
b1449,1133.76,748.11,493.85,400.95,288.84
b1450,,,,,
b1451,,,,,
b1452,516.60,531.38,914.18,1031.20,784.64
b1453,,,,,
b1454,,,,,
b1455,,,,,
b1456,,,,,
b1457,,,,,
b1459,,,,,
b1460,,,,,
b1461,355.42,,,,
b1462,199.75,77.01,,,
b1463,,,,,
b1464,,,,,
b1465,,,,,
b1466,,,,,
b1467,,,,,
b1468,,,,,
b1469,,,,,
b1470,221.79,,,,
b1471,,,,,
b1472,,,,,
b1473,,,,,
b1474,,,,,
b1475,,,,,
b1476,,,,,
b1477,,,,,
b1478,747.35,,,,
b1479,876.15,1052.31,1178.46,1155.47,1025.00
b1480,7276.48,6529.47,6377.58,5626.30,5483.60
b1481,,,,,
b1482,22605.72,12513.82,7699.41,6055.40,4103.53
b1483,,,,,
b1484,,,,,
b1485,,,,,
b1486,,,,,
b1487,457.36,289.34,115.60,,
b1488,,,,,
b1489,,,,,
b1490,149.47,82.51,64.54,41.19,31.34
b1491,,,,,
b1492,690.87,358.10,145.42,261.58,150.19
b1493,282.41,,,82.39,
b1494,34.44,,,,
b1495,,,,,
b1496,,,,,
b1497,,,,,
b1498,617.16,919.74,48.20,535.51,15.96
b1499,,,,,
b1500,,,,,
b1501,,,,,
b1502,,,,,
b1503,,,,,
b1504,,,,,
b1505,,,,,
b1506,,,,,
b1507,,,,,
b1508,,,,,
b1511,95.05,48.41,10.62,4.81,
b1512,61.99,,,,
b1513,206.64,159.52,35.13,,
b1514,,,,,
b1515,,,,,
b1516,3871.74,3082.11,863.93,135.25,72.73
b1517,1066.26,827.87,218.13,,49.08
b1518,95.74,65.46,,,
b1519,263.81,233.23,154.40,99.21,57.65
b1520,,,,,
b1521,,,,,
b1522,,,,,
b1523,,,,,
b1524,,,,,
b1525,,,,,
b1526,,,,,
b1527,,,,,
b1528,,,,,
b1529,,,,,
b1530,,,,,
b1531,,,,,
b1532,,,,,
b1533,,,,,
b1534,,,,,
b1535,,,,,
b1536,696.38,371.86,,,293.87
b1537,343.02,,,,
b1538,714.97,723.36,664.59,560.91,542.80
b1539,3175.37,3396.21,2847.91,2909.61,2417.77
b1540,,,,,
b1541,163.93,,,61.79,
b1542,,,,,
b1544,,,,,
b1545,,,,,
b1547,,,,,
b1549,,,,,
b1550,2594.71,2773.51,2396.14,1981.39,1899.21
b1551,,,,,
b1552,,,,,
b1553,,,,,
b1554,,,,,
b1555,,,,,
b1556,,,,,
b1557,,,,,
b1558,,,,,
b1559,,,,,
b1560,,,,,
b1561,,,,,
b1562,,,,,
b1563,,,,,
b1564,398.13,280.54,,246.47,
b1565,,,,,
b1566,,,,,
b1567,,,,,
b1568,,,,,
b1569,,,,,
b1570,,,,,
b1571,,,,,
b1572,,,,,
b1573,,,,,
b1575,,,,,
b1576,,,,,
b1577,,,,,
b1578,,,,,
b1579,,,,,
b1580,,,,,
b1581,,,,,
b1582,,,,,
b1583,535.89,,,,
b1584,49.59,62.71,62.91,56.30,59.72
b1585,,,,,
b1586,1527.07,,1259.75,,
b1587,,,,,
b1588,,,,,
b1589,,,,,
b1590,,,,,
b1591,,,,,
b1592,,,,,
b1593,,,,,
b1594,50.97,104.52,50.65,,
b1595,,,,,
b1596,,,,,
b1597,,,,,
b1598,,,,,
b1599,,,,,
b1600,,,,,
b1601,,,,,
b1602,1248.79,1732.76,2044.03,1938.14,2656.06
b1603,1082.79,1374.11,1485.23,1536.16,1809.93
b1604,3107.18,3153.62,3077.89,2649.41,2509.13
b1605,,,,,
b1606,,,,,
b1607,,,,,
b1608,107.45,92.41,62.91,46.69,47.89
b1609,,,,,
b1610,,,,,
b1611,3778.07,,,,
b1612,1181.98,1979.75,2438.62,1867.08,1229.88
b1613,953.30,1039.66,990.15,892.52,918.56
b1614,1633.83,1355.95,1370.45,1369.33,1335.72
b1615,,,,,
b1616,,,,,
b1617,205.26,,,,
b1618,,,,,
b1619,1906.60,1217.33,984.03,897.67,857.37
b1620,,,,,
b1621,,,,,
b1622,,,,,
b1623,439.45,395.51,277.77,202.53,152.26
b1624,319.60,234.33,114.37,90.62,73.91
b1625,,,,,
b1626,,,,,
b1627,,,,,
b1628,,,,,
b1629,,,,,
b1630,,,,,
b1631,,,,,
b1632,,,,,
b1633,,,,,
b1634,,,,,
b1635,2279.24,2110.66,1818.55,1471.63,1377.11
b1636,,,,,
b1637,829.31,923.04,939.91,993.10,1052.20
b1638,584.10,609.49,544.91,531.05,545.17
b1639,,,,,
b1640,165.31,165.02,110.29,69.69,73.91
b1641,1000.83,1003.35,900.70,804.98,468.89
b1642,599.26,610.04,624.97,525.90,569.71
b1643,,,,,
b1644,,,,,
b1645,,,,,
b1646,1461.63,673.30,533.47,433.21,405.62
b1647,1850.12,1250.34,801.03,574.99,430.16
b1648,,,,,
b1649,,,,,
b1650,,,,,
b1651,1089.68,833.92,,878.10,759.21
b1652,,,,,
b1653,,,,,
b1654,3202.92,3027.10,3434.08,3660.70,4521.57
b1655,,,,,
b1656,3721.59,4704.30,6007.90,5457.75,5112.86
b1657,,,,,
b1658,1273.59,1198.63,1011.80,865.40,1039.78
b1659,,,,,
b1660,,,,,
b1661,119.16,123.22,162.98,133.19,159.06
b1662,332.00,389.46,470.16,475.78,494.61
b1663,,,,,
b1664,,,,,
b1665,,,,,
b1666,,,,,
b1667,3436.42,3415.46,2798.90,2216.88,1937.94
b1668,148.78,108.92,87.01,71.06,61.49
b1669,,,,,
b1670,,,,,
b1671,,,,,
b1672,,,,,
b1673,,,,,
b1674,,,,,
b1675,320.98,245.34,194.44,260.20,303.33
b1676,7657.39,5959.59,5842.88,5559.02,5893.36
b1677,3326.21,7105.41,7292.57,6805.80,5257.13
b1678,266.57,200.23,280.22,264.32,358.91
b1679,,,,,
b1680,843.09,673.30,576.77,463.42,353.59
b1681,,,,,
b1682,250.03,169.43,154.81,150.01,139.84
b1683,,,,,
b1684,,,,,
b1685,,,,,
b1686,300.32,397.71,462.40,361.81,457.66
b1687,302.38,335.55,354.15,323.71,322.25
b1688,,,,,
b1689,,,,,
b1690,,,,,
b1691,143.27,,,,
b1692,,,,,
b1693,204.57,243.14,202.61,161.00,174.13
b1694,,,,,
b1695,,,,,
b1696,,,,,
b1697,,,,,
b1698,,,,,
b1699,,,,,
b1700,,,,,
b1701,,,,,
b1702,1549.80,1731.66,1113.10,687.24,613.76
b1703,159.80,155.12,140.52,122.21,126.54
b1704,,,,,
b1705,,,,,
b1706,,,,,
b1707,,,,,
b1708,,,,,
b1709,,,,,
b1710,2937.73,2151.92,1994.60,1598.29,1425.30
b1711,,,,,
b1712,11755.06,9416.86,7683.07,6183.09,5544.50
b1713,601.32,784.42,954.21,1084.07,1276.00
b1714,650.23,736.56,874.55,940.23,1008.74
b1716,7370.85,8854.12,9011.86,10075.16,9325.19
b1717,1367.96,,,,
b1718,3139.55,3161.32,3341.36,3347.63,3848.69
b1719,997.38,1067.71,1108.61,838.97,805.92
b1722,,,,,
b1723,577.90,558.33,507.33,417.08,399.71
b1724,194.24,,,,
b1725,553.80,330.05,205.46,133.88,96.08
b1726,,,,,
b1727,341.64,382.31,398.27,387.22,359.80
b1728,,,,,
b1729,449.10,587.49,578.81,695.82,862.10
b1730,,,,,
b1731,,,,,
b1732,4096.29,3288.39,3164.08,2646.32,2565.00
b1733,,,,,
b1734,,,,,
b1735,,,,,
b1736,,,,,
b1737,,,,,
b1738,336.13,270.64,220.58,159.28,140.14
b1739,4085.27,3118.97,3137.93,2961.10,2379.64
b1740,1460.26,1406.01,1547.73,1295.87,1515.17
b1741,,,,,
b1742,,,,,
b1743,1204.02,,,,
b1744,,,,,
b1745,,,,,
b1746,,,,,
b1747,,,,,
b1748,520.04,443.92,191.98,78.27,40.80
b1749,605.45,622.14,595.97,493.63,514.72
b1750,,,,,
b1751,,,,,
b1752,,,,,
b1753,,,,,
b1754,,,,,
b1755,,,,,
b1756,,,,,
b1757,161.87,152.37,96.81,,
b1758,,,,,
b1759,,,,,
b1760,497.31,,,,
b1761,1963.77,4597.04,4541.47,5633.85,4424.01
b1762,,,,,
b1763,,,,,
b1764,698.44,760.76,705.44,581.85,567.04
b1765,1701.34,2640.39,1918.22,1704.02,1431.80
b1766,,,,,
b1767,402.95,331.15,281.85,402.32,271.40
b1768,224.55,193.63,172.38,173.70,161.42
b1769,,,,,
b1770,,,,,
b1771,,,,,
b1772,,,,,
b1773,,,,,
b1774,,,,,
b1775,,,,,
b1776,,,,,
b1777,198.37,,,,
b1778,1858.38,2283.94,1533.43,1092.99,1008.74
b1779,16147.53,22168.31,23979.74,27808.82,18514.98
b1780,230.75,322.35,298.19,497.75,371.92
b1781,,,,,
b1782,184.60,150.72,182.18,240.29,206.95
b1783,1626.95,1418.11,1406.80,1037.72,1048.35
b1784,,,,,
b1785,,,,,
b1786,,,,,
b1787,121.23,150.72,164.21,157.22,157.87
b1788,,,,,
b1789,,,,,
b1790,,,,,
b1791,,,,,
b1792,382.28,313.55,299.01,235.14,241.25
b1793,,,,,
b1794,,,,,
b1795,,,,,
b1796,,,,,
b1797,,,,,
b1798,,,,,
b1799,,,,,
b1800,,,,,
b1801,,,,,
b1802,,,,,
b1803,,,,,
b1804,,,,,
b1805,221.10,182.63,131.94,69.00,42.57
b1806,,,,,
b1807,,,,,
b1808,,,,,
b1809,1239.84,1260.79,1187.86,1158.21,1128.18
b1810,,,,,
b1811,,,,,
b1812,,,,,
b1813,,,,,
b1814,,,,,
b1815,,,,,
b1816,,,,,
b1817,6871.47,9490.02,12549.69,9262.28,4901.18
b1818,1136.52,1549.03,1911.68,1371.73,501.12
b1819,1487.12,1896.68,1898.20,2019.50,760.99
b1820,,,,,
b1821,,,,,
b1822,,,,,
b1823,20606.82,22898.27,27087.85,25093.16,23462.28
b1824,,,,,
b1825,,,,,
b1826,,,,,
b1827,639.21,641.95,558.39,427.04,417.74
b1828,,,,,
b1829,,,,,
b1830,591.68,615.54,609.04,549.59,554.33
b1831,740.46,810.27,1011.80,981.77,1147.39
b1832,486.29,498.37,513.46,550.62,605.77
b1833,,,,,
b1834,,,,,
b1835,,,,,
b1836,4378.01,1981.40,1575.91,1109.47,1191.44
b1837,,,,,
b1838,,,,,
b1839,242.46,,,,
b1840,,,,,
b1841,,,,,
b1842,,,,,
b1843,,,,,
b1844,,,,,
b1845,,,,,
b1846,66.12,50.06,34.72,33.64,24.24
b1847,2369.47,1517.13,2518.27,2771.27,2900.56
b1848,,,,,
b1849,340.96,314.65,336.59,556.11,567.64
b1850,2692.52,2543.58,2606.50,2488.41,3035.08
b1851,,,,,
b1852,1356.94,1322.40,1191.94,1096.42,1077.92
b1853,66.12,69.31,62.91,43.25,
b1854,2281.30,2194.83,2396.54,1912.05,1540.89
b1855,,,,,
b1856,,,,,
b1857,,,,,
b1858,,,,,
b1859,,,,,
b1860,,,,,
b1861,250.72,,,,
b1862,,,,,
b1863,,,,,
b1864,1359.00,1429.11,1408.84,1256.05,1316.21
b1865,,,,,
b1866,1708.91,1645.30,1839.38,1725.31,1670.39
b1867,396.75,371.31,273.27,218.32,197.79
b1868,,,,,
b1869,,,,,
b1870,228.68,229.38,241.41,222.44,275.24
b1871,,,,,
b1872,,,,,
b1873,,,,,
b1874,,,,,
b1875,,,,,
b1876,527.62,559.43,513.05,503.24,567.34
b1877,,,,,
b1878,,,,,
b1879,,,,,
b1880,,,,,
b1881,683.29,,,,
b1882,2599.53,,,,
b1883,,,,,
b1884,,,,,
b1885,,,,,
b1886,980.16,,,,
b1887,1317.67,,,,
b1888,394.68,,,,
b1889,,,,,
b1890,,,,,
b1891,,,,,
b1892,,,,,
b1895,,,,,
b1896,627.50,458.22,405.62,310.67,272.88
b1897,314.09,255.79,212.82,,56.17
b1900,,,,,
b1901,2038.85,1452.77,455.05,121.86,51.74
b1902,,,,,
b1904,,,,,
b1905,1524.31,2057.31,1899.02,1946.38,1559.22
b1906,,,,,
b1907,,,,,
b1908,899.57,872.98,857.81,838.62,792.92
b1909,,,,,
b1910,,,,,
b1912,,,,,
b1913,,,,,
b1914,55.10,,58.00,55.61,77.46
b1915,,,,,
b1916,,,,,
b1917,303.76,304.75,205.06,279.08,309.83
b1918,,,,,
b1919,1437.53,1317.45,1180.91,1007.17,890.18
b1920,8521.83,9107.71,10763.41,11177.42,10424.39
b1921,,,,,
b1922,52.35,,,,
b1923,9138.31,,,,
b1924,197.69,,,,
b1925,,,,,
b1926,,,,,
b1927,140.52,82.51,100.89,94.74,84.85
b1928,192.18,173.83,158.08,154.82,163.79
b1929,,,,,
b1930,1945.86,2520.48,2200.07,,
b1931,,,,,
b1932,,,,,
b1936,,,,,
b1937,,,,,
b1938,,,,,
b1939,47.53,,,,
b1940,59.24,,,,
b1941,,,,,
b1942,,,,,
b1943,,,,,
b1944,,,,,
b1945,,,,,
b1946,264.50,,,,
b1947,,,,,
b1948,,,,,
b1949,,,,,
b1950,,,,,
b1951,,,,,
b1952,,,,,
b1953,208.02,,,,
b1954,,,,,
b1955,740.46,403.76,203.83,189.83,131.27
b1956,,,,,
b1957,,,,,
b1958,,,,,
b1959,,,,,
b1960,,,,,
b1961,,,,,
b1962,,,,,
b1963,,,,,
b1967,3950.96,2507.82,2091.82,1927.50,1313.25
b1968,,,,,
b1969,,,,,
b1970,,,,,
b1971,,,,,
b1972,,,,,
b1973,,,,,
b1974,,,,,
b1975,,,,,
b1976,551.73,470.87,333.73,179.53,88.10
b1978,,,,,
b1981,,,,,
b1982,181.84,202.98,216.49,191.89,186.26
b1983,115.03,154.57,257.34,215.58,344.72
b1985,,,,,
b1987,,,,,
b1988,,,,,
b1989,,,,,
b1990,99.19,66.01,66.99,49.43,48.49
b1991,,,,,
b1992,,,,,
b1993,,,,,
b1994,,,,,
b1999,,,,,
b2000,2056.07,,,,
b2001,,,,,
b2002,,,,,
b2003,,,,,
b2004,,,,,
b2005,,,,,
b2006,,,,,
b2007,3486.70,3576.63,3650.57,3499.70,3427.69
b2008,,,,,
b2009,592.37,432.36,387.24,284.23,240.65
b2010,,,,,
b2011,,,,,
b2012,,,,,
b2013,,,,,
b2014,,,,,
b2015,,,,,
b2016,386.42,377.91,339.45,298.31,326.09
b2017,,,,,
b2019,956.74,1448.92,1775.25,1759.63,2405.95
b2020,527.62,590.79,691.96,788.51,820.71
b2021,673.65,776.17,974.63,1027.08,1276.00
b2022,761.81,859.23,1017.11,1285.57,1316.21
b2023,376.08,412.56,513.05,556.45,678.21
b2024,,,,,
b2025,283.79,372.96,451.78,436.30,576.51
b2026,147.40,210.13,245.90,338.81,383.15
b2027,420.86,541.28,570.24,574.64,550.19
b2028,,,,,
b2029,4606.69,5555.83,7007.86,7732.99,10349.30
b2032,106.08,,,,
b2033,,,,,
b2034,121.23,138.62,162.98,169.24,186.85
b2035,,,,,
b2036,851.36,930.19,1088.60,944.01,1079.10
b2037,,,,,
b2038,165.31,189.78,233.24,199.79,203.70
b2039,1007.71,1168.92,1230.34,1140.36,1221.01
b2040,201.13,253.04,287.57,269.47,313.09
b2041,405.70,488.47,631.92,662.52,700.68
b2042,2560.96,2835.12,2186.18,2177.06,2799.74
b2043,,,,,
b2044,,,,,
b2045,,,,,
b2046,,,,,
b2047,,,,,
b2048,,,,,
b2049,,,,,
b2050,,,,,
b2051,,,,,
b2052,,,,,
b2053,,,,,
b2054,,,,,
b2055,,,,,
b2056,,,,,
b2057,,,,,
b2058,,,,,
b2059,,,,,
b2060,,,,,
b2061,,,,,
b2062,,,,,
b2063,,,,,
b2064,,,,,
b2065,,,,,
b2066,,,,,
b2067,,,,,
b2068,,,,,
b2069,,,,,
b2070,,,,,
b2071,,,,,
b2072,,,,,
b2073,,,,,
b2074,,,,,
b2075,,,,,
b2076,,,,,
b2077,,,,,
b2078,,,,,
b2079,81.28,75.91,65.36,56.30,60.90
b2080,2976.30,1824.62,929.29,610.69,400.01
b2081,80.59,118.27,126.63,118.43,127.72
b2082,,,,,
b2083,,,,,
b2085,,,,,
b2086,167.38,111.12,87.82,46.00,
b2091,7111.86,,,,
b2092,2937.04,,,,
b2093,26208.83,,,,
b2094,12658.07,17521.76,13581.10,10396.13,4858.61
b2095,25648.84,,,,
b2096,32059.50,,,,
b2097,5498.00,9221.58,5753.83,4058.90,3568.71
b2098,,,,,
b2099,,,,,
b2100,,,,,
b2101,,,,,
b2102,,,,,
b2103,1531.20,1421.96,1163.35,1104.66,1053.38
b2104,1381.04,1392.81,1182.95,1063.81,1123.45
b2105,433.94,458.77,346.39,316.50,346.49
b2106,,,,,
b2107,458.05,459.87,,555.42,319.89
b2108,,,,,
b2109,,,,,
b2110,,,,,
b2111,,,,,
b2112,,,,,
b2113,571.01,579.79,609.04,580.82,740.29
b2114,977.41,1087.51,1078.79,1110.50,1214.21
b2118,,,,,
b2119,,,,,
b2120,,,,,
b2121,,,,,
b2122,,,,,
b2123,,,,,
b2124,,,,,
b2125,765.26,897.18,732.81,617.90,373.69
b2126,,,,,
b2127,,,,,
b2128,,,,,
b2129,,,,,
b2130,,,,,
b2131,1928.64,1313.05,985.25,938.17,725.51
b2132,139.14,181.53,174.01,153.10,181.23
b2133,1027.69,1151.32,1131.08,851.33,614.35
b2134,,,,,
b2135,,,,,
b2136,,,,,
b2137,402.26,228.28,136.02,132.85,102.29
b2139,,,,,
b2140,,,,,
b2141,,,,,
b2142,,,,,
b2143,1833.58,1043.51,584.94,556.79,421.59
b2144,,,,,
b2145,,,,,
b2146,,,,,
b2147,,,,,
b2148,,,,,
b2149,509.71,486.27,475.47,267.41,105.54
b2150,16567.70,,,,
b2151,,,,,
b2152,,,,,
b2153,1451.99,1748.16,1859.39,1913.08,2229.74
b2154,380.91,460.97,440.75,330.23,300.08
b2155,,,,,
b2156,,,,,
b2157,,,,,
b2158,,,,,
b2159,,,,,
b2160,,,,,
b2161,,,,,
b2162,,,,,
b2163,,,,,
b2164,,,,,
b2165,,,,,
b2166,,,,,
b2167,217.66,183.18,182.18,143.49,108.80
b2168,167.38,160.62,154.40,169.58,136.59
b2169,338.89,292.64,270.41,240.64,188.62
b2170,,,,,
b2171,526.93,561.08,610.68,643.64,665.20
b2172,,,,,
b2173,,,,,
b2174,,,,,
b2175,,,,,
b2176,,,,,
b2177,,,,,
b2178,,,,,
b2179,,,,,
b2180,,,,,
b2181,,,,,
b2182,,,,,
b2183,292.74,324.55,344.35,327.14,384.34
b2184,,,,,
b2185,10007.57,10021.40,11545.65,12274.88,14360.89
b2186,349.91,338.85,295.74,256.08,263.12
b2187,683.98,,,,
b2188,,,,,
b2189,,,,,
b2190,,,,,
b2193,182.53,220.58,189.13,163.74,156.99
b2194,,,,,
b2195,,,,,
b2196,,,,,
b2197,,,,,
b2198,,,,,
b2199,,,,,
b2200,,,,,
b2201,,,,,
b2202,,,,,
b2203,,,,,
b2204,,,,,
b2205,,,,,
b2206,,,,,
b2207,,,,,
b2208,,,,,
b2209,,,,,
b2210,,,,,
b2211,,,,,
b2212,,,,,
b2213,,,,,
b2214,,,,,
b2215,1213.67,1128.22,658.47,589.75,390.25
b2216,48.22,47.31,40.85,32.27,31.34
b2217,1787.44,1925.84,1760.95,1486.73,1688.72
b2218,,,,,
b2219,,,,,
b2220,,,,,
b2221,,,,,
b2222,,,,,
b2223,,,,,
b2224,,,,,
b2225,,,,,
b2226,,,,,
b2229,,,,,
b2230,,,,,
b2231,921.61,1135.37,1186.22,1050.43,1085.01
b2232,352.67,428.51,463.62,447.63,484.26
b2233,,,,,
b2234,827.94,948.34,1104.53,1073.08,943.99
b2235,624.74,625.99,737.71,737.70,662.83
b2236,,,,,
b2237,,,,,
b2238,,,,,
b2239,,,,,
b2240,,,,,
b2241,,,,,
b2242,,,,,
b2243,,,,,
b2244,,,,,
b2245,,,,,
b2246,,,,,
b2247,,,,,
b2248,,,,,
b2249,,,,,
b2250,,,,,
b2251,,,,,
b2252,202.51,,,,
b2253,435.32,,,,
b2254,73.01,102.32,,63.16,59.13
b2255,123.30,,,,
b2256,,,,,
b2257,,,,,
b2258,,,,,
b2259,214.91,,,,
b2260,,,,,
b2261,,,,,
b2262,878.91,800.37,890.07,915.52,959.07
b2263,,,,,
b2264,,,,,
b2265,,,,,
b2266,3387.52,2593.09,1865.93,1775.43,1301.42
b2267,,,,,
b2268,,,,,
b2269,,,,,
b2270,,,,,
b2271,,,,,
b2272,,,,,
b2273,,,,,
b2274,,,,,
b2275,,,,,
b2276,,,,,
b2277,,,,,
b2278,71.64,,,,
b2279,294.81,,,,
b2280,,,,,
b2281,942.28,995.10,1043.66,1012.67,728.47
b2282,,,,,
b2283,1096.57,1191.48,1336.95,1284.88,1188.19
b2284,551.04,533.58,570.24,570.18,441.69
b2285,1045.60,1002.25,,797.77,
b2286,1390.69,1599.09,1960.29,1764.44,1365.58
b2287,806.58,747.01,770.39,830.04,532.45
b2288,339.58,602.89,420.73,572.59,258.98
b2289,27.55,31.90,19.61,,8.87
b2290,108.83,141.92,158.08,114.65,108.80
b2291,41.33,36.31,,35.70,47.30
b2292,,,,,
b2293,239.01,233.78,229.97,223.13,199.26
b2294,1473.34,1442.87,1554.26,1515.91,1513.70
b2295,,,,,
b2296,2181.43,1723.96,1438.25,1123.89,1076.73
b2297,1760.57,1536.93,1291.20,943.67,823.66
b2298,,,,,
b2299,349.91,400.46,523.67,464.80,471.85
b2300,505.58,418.06,392.96,302.77,384.34
b2301,196.31,155.12,158.90,154.47,156.40
b2302,96.43,,32.68,35.70,28.38
b2303,694.31,839.98,797.35,849.27,892.84
b2304,619.92,473.07,240.19,161.00,117.96
b2305,,,,,
b2306,234.19,288.24,203.83,193.26,158.76
b2307,,,,,
b2308,,,,,
b2309,4382.14,4672.95,4623.98,4717.99,5275.46
b2310,15340.26,12890.07,6245.64,6034.80,2253.10
b2311,,,,,
b2312,175.64,136.42,195.25,325.77,312.79
b2313,,,,,
b2314,,,,,
b2315,,,,,
b2316,1009.78,967.59,919.49,844.46,882.79
b2317,,,,,
b2318,,,,,
b2319,523.49,478.57,517.95,422.23,430.46
b2320,743.90,672.75,689.10,613.43,570.89
b2321,,,,,
b2322,,,,,
b2323,5352.66,4377.55,2954.53,2600.66,2249.26
b2324,,,,,
b2325,223.17,372.96,315.35,408.50,607.84
b2326,,,,,
b2327,,,,,
b2328,,,,,
b2329,409.84,408.71,473.84,273.93,415.97
b2330,558.62,575.94,506.11,434.93,466.82
b2331,,,,,
b2332,,,,,
b2333,,,,,
b2334,,,,,
b2335,,,,,
b2336,,,,,
b2339,,,,,
b2340,,,,,
b2341,28.24,24.20,15.52,1.37,1.18
b2342,161.87,150.17,110.29,60.07,37.84
b2343,,,,,
b2344,117.78,79.21,42.48,18.54,6.50
b2345,,,,,
b2346,,,,,
b2347,,,,,
b2348,,,,,
b2349,,,,,
b2350,,,,,
b2351,,,,,
b2352,,,,,
b2353,,,,,
b2354,,,,,
b2355,,,,,
b2356,,,,,
b2357,,,,,
b2358,,,,,
b2359,,,,,
b2360,,,,,
b2361,,,,,
b2362,,,,,
b2363,,,,,
b2364,,,,,
b2365,,,,,
b2366,,,,,
b2367,,,,,
b2368,,,,,
b2369,,,,,
b2370,,,,,
b2371,,,,,
b2372,,,,,
b2373,,,,,
b2374,,,,,
b2375,,,,,
b2376,,,,,
b2377,,,,,
b2378,,,,,
b2379,49.59,39.61,48.20,40.51,37.25
b2380,,,,,
b2381,,,,,
b2382,,,,,
b2383,24.80,,,,
b2384,,,,,
b2385,,,,,
b2386,,,,,
b2387,,,,,
b2388,1271.52,1232.73,1037.13,941.95,586.26
b2389,,,,,
b2390,,,,,
b2392,,,,,
b2393,,,,,
b2394,107.45,,,,
b2395,,,,,
b2397,,,,,
b2398,,,,,
b2399,,,,,
b2400,1583.55,1712.96,1874.10,1888.71,2094.34
b2405,,,,,
b2406,,,,,
b2407,,,,,
b2408,,,,,
b2409,,,,,
b2410,,,,,
b2411,122.61,105.07,98.03,87.54,90.47
b2412,721.86,704.66,538.37,463.42,428.39
b2413,,,,,
b2414,21593.18,24447.85,23679.10,23419.00,23085.33
b2415,8324.15,9958.69,11390.02,11291.39,8943.51
b2416,3273.87,4337.95,5244.87,5183.82,4059.48
b2417,26005.63,21706.24,20130.64,17792.70,14815.00
b2418,63.37,,,85.13,
b2419,,,,,
b2420,,,,,
b2421,465.63,529.18,633.96,787.13,910.29
b2422,122.61,177.68,236.10,222.10,241.84
b2423,,,,,
b2424,,,,,
b2425,3051.38,3087.61,3041.94,3104.25,3393.99
b2426,506.27,561.08,414.61,230.34,139.84
b2427,,,,,
b2428,126.05,120.47,84.56,57.33,40.50
b2429,,,,,
b2430,,,,,
b2431,361.62,391.66,417.47,344.99,366.89
b2432,,,,,
b2433,,,,,
b2434,,,,,
b2435,,,,,
b2436,,,,,
b2437,,,,,
b2438,,,,,
b2439,193.55,179.33,270.41,139.37,92.83
b2440,,,,,
b2441,,,,,
b2442,,,,,
b2443,,,,,
b2444,,,,,
b2445,,,,,
b2446,,,,,
b2447,,,,,
b2448,,,,,
b2449,,,,,
b2450,354.73,352.60,300.64,224.85,175.02
b2451,,,,,
b2452,,,,,
b2453,,,,,
b2454,,,,,
b2455,,,,,
b2456,,,,,
b2457,,,,,
b2458,,,,,
b2459,,,,,
b2460,,,,,
b2461,,,,,
b2462,,,,,
b2463,2688.39,3343.95,2983.94,1839.62,991.29
b2464,3627.91,2205.83,1606.95,1405.03,1188.78
b2465,2943.24,2232.23,2008.90,1776.46,1382.13
b2466,,,,,
b2467,,,,,
b2468,,,,,
b2469,,,,,
b2470,143.27,,,,
b2471,348.53,,,,
b2472,67.50,74.81,63.72,67.97,73.32
b2473,155.67,107.82,98.85,95.43,95.79
b2474,,,,,
b2475,234.88,151.82,173.19,128.73,126.83
b2476,2965.28,3363.20,2985.98,3172.56,3470.86
b2477,776.28,789.92,726.68,685.87,750.64
b2478,844.47,1047.91,1232.38,1227.21,951.38
b2479,,,,,
b2480,2466.59,2303.19,2545.64,2616.80,2983.04
b2481,,,,,
b2482,,,,,
b2483,,,,,
b2484,,,,,
b2485,,,,,
b2486,,,,,
b2487,188.73,,,,
b2488,,,,,
b2489,,,,,
b2490,,,,,
b2491,,,,,
b2492,,,,,
b2493,,,,,
b2494,395.37,335.55,228.34,162.03,158.76
b2495,1063.51,1006.65,1343.89,1110.16,1370.01
b2496,,,,,
b2497,,,,,
b2498,3970.24,6885.93,8300.29,9311.72,10610.65
b2499,679.16,846.03,1000.77,1127.32,1484.72
b2500,132.94,133.12,167.48,144.18,192.17
b2501,87.48,88.01,77.61,65.57,65.34
b2502,41.33,36.31,39.21,37.07,32.52
b2503,,,,,
b2504,,,,,
b2505,,,,,
b2506,,,,,
b2507,1406.53,1703.05,2142.88,2309.56,3234.34
b2508,2813.75,3308.19,3721.24,4533.65,5531.49
b2509,,,,,
b2510,,,,,
b2511,608.21,538.53,549.00,510.11,469.19
b2512,680.53,644.70,611.90,584.26,686.48
b2513,774.90,748.66,745.88,697.19,732.90
b2514,987.05,1032.50,1082.06,986.92,1060.18
b2515,376.08,391.66,386.42,339.16,353.59
b2516,646.78,529.18,494.67,414.68,364.23
b2517,108.83,130.92,170.74,140.74,150.19
b2518,5963.63,9953.74,12630.98,10996.86,7246.22
b2519,,,,,
b2520,56.48,46.21,35.13,28.49,26.61
b2521,1221.24,1047.36,772.43,553.02,478.35
b2522,,,,,
b2523,1883.18,2011.65,2133.08,1914.45,1988.20
b2524,705.33,,,,
b2525,890.62,975.85,1021.61,950.19,1058.40
b2526,127.43,141.37,162.98,151.38,177.39
b2527,314.78,460.97,466.48,441.45,498.46
b2528,192.86,273.94,291.65,264.32,255.44
b2529,3268.35,4266.99,4521.04,3871.47,3713.58
b2530,4209.26,4740.06,4766.95,4200.33,4036.72
b2531,2518.25,2873.63,2564.84,2114.93,1809.63
b2532,96.43,107.82,113.56,111.91,131.86
b2533,418.10,523.68,635.59,858.53,785.23
b2534,,,,,
b2535,,,,,
b2536,,,,,
b2537,,,,,
b2538,,,,,
b2539,,,,,
b2540,,,,,
b2541,,,,,
b2542,,,,,
b2543,,,,,
b2544,,,,,
b2545,,,,,
b2546,,,,,
b2547,,,,,
b2548,,,,,
b2549,,,,,
b2550,,,,,
b2551,5989.11,7423.91,7151.64,9081.38,9303.90
b2552,,,,,
b2553,1188.87,1300.39,1350.43,1257.42,1193.51
b2554,,,,,
b2555,,,,,
b2556,,,,,
b2557,1033.20,1233.83,1395.77,1527.58,1920.80
b2558,,,,,
b2559,,,,,
b2560,,,,,
b2561,,,,,
b2562,,,,,
b2563,,,,,
b2564,883.73,,1423.14,1277.67,1790.42
b2565,,,,,
b2566,65.44,73.16,79.65,73.46,69.77
b2567,166.69,187.03,189.53,174.73,202.81
b2568,56.48,60.51,59.64,44.63,34.89
b2569,929.19,950.54,883.95,812.88,763.06
b2570,,,,,
b2571,552.42,449.97,271.64,192.23,180.93
b2572,,,,,
b2573,252.10,202.43,186.27,146.24,175.61
b2574,,,,,
b2575,,,,,
b2576,307.89,291.54,279.81,242.35,233.26
b2577,,,,,
b2578,,,,,
b2579,1530.51,1524.83,1182.95,1246.44,2226.79
b2580,,,,,
b2581,712.22,657.90,549.81,532.08,529.79
b2582,95.05,,126.63,102.30,120.62
b2583,,,,,
b2584,201.82,162.82,69.85,35.36,15.96
b2585,950.54,972.55,654.38,534.14,420.41
b2586,,,,,
b2587,419.48,515.43,355.38,219.35,128.60
b2591,,,,,
b2592,1861.14,1580.39,1570.19,1265.66,1173.11
b2593,150.16,104.52,82.51,83.76,73.91
b2594,247.28,250.84,210.37,232.74,235.04
b2595,527.62,619.39,598.42,574.64,640.66
b2597,3158.15,3202.58,1726.23,1555.73,1373.56
b2599,496.62,515.43,530.61,437.33,461.80
b2600,119.85,105.62,106.20,235.49,221.14
b2601,332.00,,,,
b2602,,,,,
b2603,,,,,
b2604,,,,,
b2605,,,,,
b2606,9056.34,9355.25,10216.87,12660.38,13434.05
b2607,,,,,
b2608,1674.47,1783.92,1718.88,1635.71,1547.69
b2609,18182.94,19695.69,23100.28,25247.64,25835.70
b2610,628.87,621.04,610.27,598.33,719.60
b2611,,,,,
b2614,2824.08,2670.10,2531.34,2582.47,2671.73
b2615,100.56,103.42,76.79,67.28,62.09
b2616,,,,,
b2617,,,,,
b2618,,,,,
b2619,,,,,
b2620,,,,,
b2621,,,,,
b2622,,,,,
b2623,,,,,
b2624,,,,,
b2625,,,,,
b2626,,,,,
b2627,,,,,
b2628,,,,,
b2629,,,,,
b2630,,,,,
b2631,,,,,
b2632,,,,,
b2633,,,,,
b2634,,,,,
b2635,,,,,
b2636,,,,,
b2637,,,,,
b2638,,,,,
b2641,,,,,
b2642,,,,,
b2643,,,,,
b2644,,,,,
b2645,,,,,
b2646,,,,,
b2647,,,,,
b2648,,,,,
b2650,,,,,
b2652,,,,,
b2659,,,,,
b2660,,,,,
b2661,1476.10,1551.78,1331.64,1024.34,657.81
b2662,1615.92,1547.93,1695.19,1208.33,836.08
b2663,,,,,
b2664,,,,,
b2665,15543.46,10570.38,5296.33,3586.21,1879.11
b2666,,,,,
b2667,,,,,
b2668,,,,,
b2669,1155.81,1514.93,1526.89,2243.31,4119.50
b2670,,,,,
b2671,,,,,
b2672,747.35,424.11,381.11,311.69,248.93
b2673,,,,,
b2674,,,,,
b2675,,,,,
b2676,,,,,
b2677,,,,,
b2678,,,,,
b2679,100.56,,,,
b2681,,,,,
b2682,,,,,
b2683,,,,,
b2684,90.23,119.92,129.90,126.67,200.45
b2685,,,,,
b2686,,,,,
b2687,4200.99,3603.59,3903.42,4099.06,4595.78
b2688,141.20,121.02,112.74,102.30,112.64
b2689,,,,,
b2690,,,,,
b2694,,,,,
b2695,,,,,
b2696,4457.22,5168.57,4504.29,4618.78,4168.28
b2697,1394.13,1424.16,1398.22,1373.11,1588.79
b2698,,,,,
b2699,1246.73,1579.29,1386.38,1177.44,1072.89
b2700,213.53,175.48,158.49,130.79,108.50
b2701,,,,,
b2702,,,,,
b2703,,,,,
b2704,,,,,
b2705,,,,,
b2706,,,,,
b2707,,,,,
b2708,41.33,,,30.89,27.79
b2709,,,,,
b2710,,,,,
b2711,,,,,
b2712,,,,,
b2713,,,,,
b2714,,,,,
b2715,,,,,
b2716,,,,,
b2717,,,,,
b2718,,,,,
b2719,,,,,
b2720,,,,,
b2721,,,,,
b2722,,,,,
b2723,,,,,
b2724,,,,,
b2725,,,,,
b2726,,,,,
b2727,,,,,
b2728,,,,,
b2729,,,,,
b2730,,,,,
b2731,,,,,
b2732,,,,,
b2733,,,,,
b2734,,,,,
b2735,,,,,
b2736,,,,,
b2737,,,,,
b2738,,,,,
b2739,,,,,
b2740,,,,,
b2741,416.04,361.95,446.06,356.32,367.78
b2742,,,,,
b2743,,,,,
b2744,,,,,
b2745,,,,,
b2746,,,,,
b2747,,,,,
b2748,,,,,
b2749,,,,,
b2750,,,,,
b2751,730.13,1166.72,1442.34,1675.19,1848.07
b2752,941.59,1357.60,1710.71,2137.24,2829.60
b2753,,,,,
b2754,,,,,
b2755,,,,,
b2756,,,,,
b2757,,,,,
b2758,,,,,
b2759,,,,,
b2760,,,,,
b2761,,,,,
b2762,476.65,556.68,681.75,635.75,826.32
b2763,1017.36,1200.83,1606.55,1646.70,1733.06
b2764,880.97,1118.87,1495.85,2266.31,2488.14
b2765,,,,,
b2766,,,,,
b2767,,,,,
b2768,,,,,
b2769,,,,,
b2770,,,,,
b2771,,,,,
b2774,,,,,
b2775,,,,,
b2776,,,,,
b2777,,,,,
b2778,,,,,
b2779,18685.76,15696.59,15406.59,15667.48,19143.22
b2780,425.68,518.73,665.82,748.34,832.83
b2781,,,,,
b2782,,,,,
b2783,,,,,
b2784,136.38,154.02,127.85,95.77,78.35
b2785,,,,,
b2786,,,,,
b2787,,,,,
b2788,,,,,
b2789,,,,,
b2790,870.64,902.68,738.53,583.23,579.76
b2791,,,,,
b2792,,,,,
b2793,,,,,
b2794,69.57,75.36,59.64,56.64,58.54
b2795,32.37,26.40,26.14,24.72,24.24
b2796,,,,,
b2797,,,,,
b2798,,,,,
b2799,351.98,421.36,202.61,65.57,35.18
b2800,,,,,
b2801,,,,,
b2802,,,,,
b2803,,,,,
b2804,,,,,
b2805,,,,,
b2806,49.59,51.71,51.47,49.43,48.49
b2807,,,,,
b2808,,,,,
b2809,1776.41,,,,
b2810,,,,,
b2811,53.73,52.81,49.02,47.37,46.12
b2812,,,,,
b2813,,,,,
b2816,,,,,
b2817,,,,,
b2818,199.75,243.69,257.34,394.08,343.54
b2819,,,,,
b2820,,,,,
b2821,,,,,
b2822,,,,,
b2823,,,,,
b2824,,,,,
b2825,,,,,
b2826,,,,,
b2827,189.42,201.33,209.14,192.58,219.66
b2828,,,,,
b2829,71.64,75.91,72.71,56.30,51.44
b2830,,,,,
b2831,,,,,
b2832,,,,,
b2833,,,,,
b2834,718.42,697.50,661.74,619.96,618.19
b2835,,,,,
b2836,,,,,
b2837,,,,,
b2838,117.10,151.82,178.10,190.86,230.01
b2839,,,,,
b2840,,,,,
b2841,,,,,
b2842,,,,,
b2843,,,,,
b2844,176.33,,,,
b2845,,,,,
b2846,,,,,
b2847,,,,,
b2848,,,,,
b2849,,,,,
b2850,,,,,
b2851,,,,,
b2852,,,,,
b2853,,,,,
b2854,,,,,
b2856,,,,,
b2858,,,,,
b2859,,,,,
b2860,,,,,
b2861,,,,,
b2863,,,,,
b2864,,,,,
b2865,,,,,
b2866,,,,,
b2867,,,,,
b2868,,,,,
b2869,,,,,
b2870,,,,,
b2871,,,,,
b2872,,,,,
b2873,,,,,
b2874,,,,,
b2875,,,,,
b2876,,,,,
b2877,,,,,
b2878,,,,,
b2879,,,,,
b2880,,,,,
b2881,,,,,
b2882,,,,,
b2883,,,,,
b2886,,,,,
b2887,,,,,
b2888,,,,,
b2889,,,,,
b2890,2315.74,2825.22,2972.50,3087.77,3151.86
b2891,,,,,
b2892,,,,,
b2893,417.41,368.00,367.22,336.41,372.51
b2894,,,,,
b2895,,,,,
b2896,,,,,
b2897,411.90,,,,
b2898,1910.73,1854.88,1528.53,1241.63,1165.13
b2899,,,,,
b2900,416.72,379.56,294.92,292.47,329.05
b2901,692.93,654.05,668.27,620.99,669.34
b2902,,,,,
b2903,254.17,425.76,555.53,564.35,562.31
b2904,772.83,871.33,1113.51,1279.05,1212.73
b2905,92.30,116.62,175.65,189.49,217.00
b2906,,,,,
b2907,,,,,
b2908,1054.55,1163.42,1098.81,913.80,702.45
b2909,662.63,618.84,662.55,626.82,726.69
b2910,500.07,493.42,443.20,389.96,359.80
b2911,,,,,
b2912,,,,,
b2913,3789.78,4637.19,5648.44,7985.98,9206.93
b2914,3221.52,3160.22,2855.27,2776.76,2784.96
b2915,,,,,
b2916,352.67,365.80,341.49,293.50,320.48
b2917,,,,,
b2918,,,,,
b2919,,,,,
b2920,,,,,
b2921,,,,,
b2922,2710.43,2435.21,1981.12,1696.13,1391.89
b2923,,,,,
b2924,630.94,850.43,1593.07,2068.24,3161.02
b2925,10947.78,9545.57,9302.69,9618.60,11865.66
b2926,14228.54,12497.86,12407.13,11338.76,11159.66
b2927,,,,,
b2928,,,,,
b2929,,,,,
b2930,,,,,
b2933,,,,,
b2934,,,,,
b2935,1893.51,2792.22,2853.63,2724.93,2784.96
b2936,123.98,135.32,101.30,64.88,63.86
b2937,1143.41,1107.87,1244.23,1249.53,1080.58
b2938,458.05,653.50,886.81,954.31,976.51
b2939,,,,,
b2940,,,,,
b2942,2635.35,2645.89,3177.15,4720.05,4030.21
b2943,,,,,
b2944,,,,,
b2945,,,,,
b2946,,,,,
b2947,816.92,838.88,762.63,696.85,748.57
b2948,223.86,264.04,299.82,295.90,329.35
b2949,,,,,
b2950,,,,,
b2951,170.82,163.92,174.42,173.35,189.51
b2952,,,,,
b2953,,,,,
b2954,175.64,212.33,249.99,253.34,266.37
b2955,,,,,
b2956,,,,,
b2957,,,,,
b2958,546.22,419.16,350.07,349.80,334.08
b2959,1754.37,1358.15,1280.58,1203.18,1126.11
b2960,511.09,427.41,447.28,466.17,449.08
b2961,,,,,
b2962,3176.74,2896.73,2530.53,2211.39,2321.69
b2963,,,,,
b2964,23.42,,,,
b2965,,,,,
b2966,,,,,
b2967,,,,,
b2968,,,,,
b2969,,,,,
b2970,,,,,
b2971,,,,,
b2972,,,,,
b2975,,,,,
b2976,1903.15,2547.43,1856.54,1069.65,647.76
b2977,1319.74,,1204.60,696.16,372.81
b2979,,,,,
b2980,,,,,
b2981,,,,,
b2982,,,,,
b2983,,,,,
b2984,,,,,
b2985,,,,,
b2986,,,,,
b2987,,,,,
b2988,462.87,,,584.94,
b2989,2437.66,1951.69,1198.88,856.82,656.03
b2990,,,,,
b2991,,,,,
b2992,,,,,
b2993,,,,,
b2994,,,,,
b2995,,,,,
b2996,,,,,
b2997,,,,,
b2998,,,,,
b3001,1785.37,1770.16,935.82,482.99,
b3002,,,,,
b3003,739.77,387.81,260.61,211.46,155.21
b3005,,,,,
b3006,,,,,
b3008,1409.28,1506.12,1249.13,1136.24,1125.81
b3009,,,,,
b3010,,,,,
b3011,510.40,531.38,359.46,312.72,431.64
b3012,1553.24,918.64,644.99,630.94,575.03
b3013,,,,,
b3014,,,,,
b3017,208.71,293.74,255.71,,206.36
b3018,,,,,
b3019,,,,,
b3020,66.12,79.21,54.74,43.25,27.79
b3021,,,,,
b3022,,,,,
b3023,,,,,
b3024,2625.02,1745.41,1691.92,1243.35,1003.71
b3025,,,,,
b3026,,,,,
b3027,,,,,
b3028,273.45,434.56,367.63,215.23,198.67
b3029,2174.54,2249.84,1956.20,1589.71,1591.15
b3030,,,,,
b3031,,,,,
b3032,168.07,149.62,82.51,107.10,44.94
b3033,,,,,
b3034,193.55,195.83,174.42,158.94,138.07
b3035,208.02,202.43,176.46,172.32,143.39
b3037,198.37,189.23,96.81,94.06,74.21
b3038,219.04,202.43,184.63,158.25,142.50
b3039,,,,,
b3040,,,,,
b3041,151.54,,220.58,224.50,193.94
b3042,719.80,635.89,589.03,556.79,595.72
b3043,,,,,
b3046,,,,,
b3047,,,,,
b3048,,,,,
b3049,,,,,
b3050,,,,,
b3051,,,,,
b3052,633.70,744.81,663.78,604.51,643.62
b3053,95.05,95.16,91.09,74.15,63.56
b3054,135.69,132.57,138.88,118.43,126.24
b3055,166.69,121.02,61.27,44.97,51.15
b3056,45.46,,33.50,,20.70
b3057,,,,,
b3058,,,,,
b3059,,,,,
b3060,,,,,
b3061,,,,,
b3062,,,,,
b3063,,,,,
b3064,,,,,
b3065,14206.49,15508.46,18627.85,20407.78,22281.77
b3066,,,,,
b3067,1312.16,1154.07,1086.14,933.03,989.52
b3068,126.74,106.72,147.05,132.50,134.81
b3069,,,,,
b3070,,,,,
b3071,,,,,
b3072,405.01,,,,
b3073,,,,,
b3074,,,,,
b3075,,,,,
b3076,,,,,
b3077,,,,,
b3078,,,,,
b3079,,,,,
b3080,,,,,
b3081,132.94,117.72,72.71,35.70,14.78
b3082,,,,,
b3083,,,,,
b3084,,,,,
b3085,,,,,
b3086,,,,,
b3087,714.29,507.18,283.48,157.56,105.54
b3088,,,,,
b3089,212.15,284.39,264.29,189.49,102.29
b3090,,,,,
b3091,,,,,
b3092,123.98,181.53,160.12,,
b3093,,,,,
b3094,119.85,112.22,93.13,81.70,81.60
b3095,,,,,
b3096,,,,,
b3097,276.21,,,,
b3098,9611.51,7083.96,6183.96,5994.64,5930.61
b3099,168.07,,,,
b3100,,,,,
b3101,,,,,
b3102,769.39,434.56,330.05,292.47,243.91
b3103,,,,,
b3104,,,,,
b3105,,,,,
b3106,,,,,
b3107,,,,,
b3110,,,,,
b3113,1056.62,,,,
b3114,,,,,
b3115,,,,,
b3116,,,,,
b3117,,,,,
b3118,,,,,
b3119,,,,,
b3120,,,,,
b3121,,,,,
b3123,,,,,
b3124,,,,,
b3125,101.25,86.91,21.24,53.89,34.89
b3126,,,,,
b3127,,,,,
b3128,,,,,
b3129,108.83,,83.33,70.71,
b3130,,,,,
b3131,,,,,
b3132,,,,,
b3133,,,,,
b3134,,,,,
b3135,,,,,
b3136,,,,,
b3137,,,,,
b3138,,,,,
b3139,,,,,
b3140,,,,,
b3141,,,,,
b3142,,,,,
b3143,,,,,
b3144,,,,,
b3145,,,,,
b3146,103.32,101.22,93.95,88.91,95.79
b3147,157.74,141.92,127.45,117.06,109.09
b3148,,,,,
b3149,,,,,
b3150,318.23,346.00,302.27,251.28,246.86
b3151,,,,,
b3152,,,,,
b3153,590.30,360.30,265.10,233.08,219.66
b3154,,,,,
b3155,,,,,
b3156,1269.46,1111.72,737.30,528.65,585.37
b3157,,,,,
b3158,,,,,
b3159,,,,,
b3160,,,,,
b3161,,,,,
b3162,22.04,46.21,,,
b3163,71.64,68.21,59.64,43.94,50.85
b3164,3466.73,3791.72,3722.87,3205.52,3013.20
b3165,10727.37,10548.92,12627.30,13192.11,15199.04
b3166,,,,,
b3167,1179.91,1136.47,1166.21,1032.23,1186.42
b3168,1507.78,1701.40,1933.74,1960.45,1860.78
b3169,2399.09,2595.84,2660.01,2604.78,2800.34
b3170,228.68,322.35,350.88,353.23,389.66
b3171,,,,,
b3172,1683.43,2165.12,3284.99,4602.99,6190.78
b3173,,,,,
b3174,,,,,
b3175,506.27,536.88,584.53,576.36,546.94
b3176,962.25,990.70,985.66,907.28,875.70
b3177,,,,,
b3178,1027.00,963.74,1222.58,1076.86,1001.94
b3179,,,,,
b3180,1676.54,1703.05,1534.65,1554.01,1739.57
b3181,2178.67,2134.87,2110.20,1926.47,1832.69
b3182,,,,,
b3183,866.51,761.86,707.08,707.15,709.84
b3184,,,,,
b3185,4248.52,4813.22,5630.06,6591.94,7227.01
b3186,7377.05,7848.57,9417.47,9867.48,10558.32
b3187,247.28,245.34,295.33,266.38,316.63
b3188,,,,,
b3189,367.82,414.21,432.17,410.22,450.56
b3190,1025.62,1110.07,961.97,984.52,1107.78
b3191,246.59,266.79,187.90,,234.74
b3192,2341.23,2146.97,1956.61,1863.99,1885.91
b3193,101.94,117.72,120.91,129.07,169.70
b3194,,,,,
b3195,71.64,68.76,62.91,51.15,65.93
b3196,,,,,
b3197,88.17,94.61,91.50,87.88,96.38
b3198,303.76,371.86,392.96,379.32,272.58
b3199,,,,,
b3200,1482.99,1464.32,1327.15,1299.64,819.52
b3201,925.06,887.28,765.90,741.13,662.54
b3202,155.67,137.52,120.09,100.92,91.06
b3203,5555.86,4461.72,3643.22,2873.57,2454.43
b3204,949.17,880.68,799.39,719.16,629.43
b3205,110.21,100.11,87.41,65.91,59.72
b3206,,,,,
b3207,,,,,
b3208,,,,,
b3209,1284.61,1494.02,1337.36,1271.84,896.10
b3210,121.23,124.32,109.47,86.16,70.66
b3211,,,,,
b3212,599.94,1022.05,1555.90,1769.25,2656.65
b3213,654.36,1121.07,1548.13,1691.32,2158.20
b3214,,,,,
b3215,,,,,
b3216,,,,,
b3219,,,,,
b3220,,,,,
b3221,374.71,,,,
b3222,,,,,
b3223,,,,,
b3224,,,,,
b3225,,,,,
b3226,,,,,
b3227,,,,,
b3228,508.33,491.22,497.53,462.74,473.62
b3229,3463.97,3458.92,3155.09,3198.99,2891.99
b3230,8377.87,8781.51,10057.15,10686.19,13094.35
b3231,11991.31,14152.51,15639.01,16908.77,17596.71
b3232,,,,,
b3233,1175.78,1287.74,1456.63,1332.94,1189.08
b3234,1246.73,1082.01,1035.08,921.35,695.35
b3235,,,,,
b3236,27170.40,32361.88,31000.26,28375.57,18574.10
b3237,,,,,
b3238,,,,,
b3239,,,,,
b3240,,,,,
b3241,,,,,
b3242,,,,,
b3243,28.93,,,,
b3244,285.85,244.24,247.95,223.47,283.82
b3247,,,,,
b3248,,,,,
b3249,,,,,
b3250,,,,,
b3251,2465.90,2412.66,2086.10,2108.06,2195.45
b3252,,,,,
b3253,1381.73,1138.12,866.38,694.79,502.59
b3255,2505.85,2770.21,2246.63,7559.98,2397.67
b3256,1301.83,1380.16,1428.04,1393.02,1461.37
b3257,,,,,
b3258,,,,,
b3259,133.63,129.82,135.61,,175.61
b3260,,,,,
b3261,,,,,
b3262,,,,,
b3263,,,,,
b3264,,,,,
b3265,,,,,
b3266,,,,,
b3267,,,,,
b3268,,,,,
b3269,,,,,
b3270,,,,,
b3271,,,,,
b3273,,,,,
b3275,,,,,
b3276,,,,,
b3277,,,,,
b3278,,,,,
b3279,215.59,203.53,207.92,204.25,236.51
b3280,,,,,
b3281,108.83,101.77,108.66,114.65,135.40
b3282,131.56,136.42,123.36,133.88,178.86
b3283,,,,,
b3284,,,,,
b3287,855.49,788.82,756.09,751.09,887.52
b3288,405.70,336.10,355.38,324.05,307.47
b3289,83.34,107.82,70.26,81.36,89.58
b3290,129.49,57.21,81.70,68.66,57.95
b3291,471.83,469.77,550.63,431.50,331.71
b3292,,,,,
b3293,,,,,
b3294,8186.39,8743.55,10351.26,11183.26,12801.66
b3295,5121.91,6194.47,6400.45,5837.42,6031.13
b3296,10827.93,11110.01,14647.23,13461.58,16581.47
b3297,6459.56,6378.20,7371.81,8529.73,9153.72
b3298,13162.96,13321.89,16531.13,18482.69,20451.44
b3299,,,,,
b3300,463.56,544.03,525.30,540.32,429.27
b3301,7917.75,8548.83,10282.63,11239.21,11842.30
b3302,13135.41,14728.45,15793.01,19102.65,18880.98
b3303,12757.26,11993.44,14170.53,15734.76,18111.42
b3304,6677.22,7237.98,8231.66,9262.97,10103.32
b3305,11614.54,11559.97,13498.18,15164.24,17388.57
b3306,6403.77,6383.15,7765.18,8144.23,9703.02
b3307,6086.23,6620.79,8187.14,8475.49,9295.33
b3308,11571.84,11846.57,14934.39,15096.95,18030.71
b3309,11323.87,11522.57,13118.29,14598.86,14343.15
b3310,6869.40,7167.02,8504.53,9905.58,10820.85
b3311,6193.00,6237.38,7439.62,9507.04,8968.94
b3312,14066.67,14627.78,15360.43,20476.44,22903.21
b3313,12345.36,11961.53,14858.82,16371.20,17862.19
b3314,11628.32,12770.71,16030.34,15939.01,16413.54
b3315,14071.49,15305.48,17386.48,19692.39,19145.29
b3316,9729.99,10085.20,12365.47,14014.26,14948.92
b3317,8545.25,10416.90,13005.55,13712.52,14623.12
b3318,5673.64,6028.35,7059.74,7688.36,8869.01
b3319,10301.69,10442.21,11662.47,12711.18,14750.25
b3320,8778.06,9917.98,12802.54,12344.91,14051.64
b3321,12864.02,14045.80,16460.87,16809.56,20015.07
b3322,,,,,
b3323,,,,,
b3324,,,,,
b3325,,,,,
b3326,,,,,
b3327,,,,,
b3328,,,,,
b3329,,,,,
b3330,,,,,
b3331,,,,,
b3332,,,,,
b3333,,,,,
b3334,,,,,
b3335,,,,,
b3336,6938.28,6162.02,4771.03,4735.15,5347.90
b3337,,,,,
b3338,,,,,
b3339,54037.72,61125.67,58290.31,54349.24,51726.40
b3340,11071.08,11294.84,12469.63,12504.19,11359.51
b3341,13166.41,13970.98,15917.19,18133.23,13181.86
b3342,3715.39,4000.75,4496.12,5709.37,5379.53
b3343,,,,,
b3344,,,,,
b3345,103.32,92.41,,61.10,66.22
b3346,353.35,348.75,297.78,298.65,266.67
b3347,1828.07,1946.74,1972.95,2025.67,2088.43
b3348,465.63,423.56,338.22,325.43,329.35
b3349,3463.97,3567.28,3508.42,3526.14,3412.91
b3350,,,,,
b3351,,,,,
b3352,,,,,
b3353,,,,,
b3354,,,,,
b3355,166.69,,,,
b3356,208.02,242.04,232.83,231.37,289.73
b3357,4725.86,4664.70,3635.05,3076.44,2739.14
b3358,,,,,
b3359,1455.43,1415.91,1588.16,2362.77,2266.40
b3360,,,,,
b3361,280.34,166.67,116.42,97.15,91.06
b3362,669.51,,,,
b3363,1694.45,1294.89,1737.26,1227.56,1756.71
b3364,,,,,
b3365,,,,,
b3366,,,,,
b3367,,,,,
b3368,,,,,
b3369,,,,,
b3370,,,,,
b3371,,,,,
b3374,,,,,
b3375,,,,,
b3376,,,,,
b3377,,,,,
b3378,,,,,
b3379,,,,,
b3380,,,,,
b3381,,,,,
b3382,,,,,
b3383,,,,,
b3384,1270.15,1315.25,1349.20,1355.94,1464.32
b3385,241.08,305.85,,,
b3386,1702.71,2083.71,1845.10,2059.66,1812.59
b3387,,,,,
b3388,239.70,256.89,236.51,202.53,185.96
b3389,468.38,491.22,455.05,358.38,343.54
b3390,511.78,545.13,590.66,615.84,767.20
b3391,,,,,
b3392,,,,,
b3393,,,,,
b3394,,,,,
b3395,,,,,
b3396,,,,,
b3397,,,,,
b3398,,,,,
b3399,,,,,
b3400,,,,,
b3401,876.15,704.66,672.36,614.12,664.02
b3402,,,,,
b3403,5874.08,6847.97,5293.47,2931.58,1264.47
b3404,,,,,
b3405,1938.28,1620.54,1105.75,1091.62,843.18
b3406,,,,,
b3407,108.14,117.72,126.63,127.36,160.83
b3408,,,,,
b3409,,,,,
b3410,,,,,
b3411,,,,,
b3412,,,,,
b3413,,,,,
b3414,3273.18,3199.28,3108.11,3001.27,3265.68
b3415,,,,,
b3416,,,,,
b3417,555.86,649.65,785.50,749.72,488.70
b3418,256.92,335.00,262.24,161.34,60.02
b3421,,,,,
b3422,,,,,
b3423,265.88,230.48,224.25,216.26,269.04
b3424,,,,,
b3425,,,,,
b3426,,,,,
b3427,,,,,
b3428,540.02,496.72,461.58,396.83,344.72
b3429,775.59,749.21,741.39,642.96,522.70
b3430,844.47,940.64,943.18,760.36,610.50
b3431,,,,,
b3432,312.03,317.95,250.40,252.65,240.06
b3433,5442.90,7376.60,8128.72,9448.34,11415.98
b3434,,,,,
b3437,,,,,
b3438,327.87,242.04,243.45,219.70,195.72
b3439,1124.12,707.41,447.69,459.30,378.42
b3440,265.19,305.85,305.54,272.90,274.36
b3441,,,,,
b3442,,,,,
b3443,,,,,
b3446,,,,,
b3447,428.43,306.40,328.42,301.05,218.18
b3448,737.70,,,,
b3449,268.63,225.53,156.04,124.27,120.62
b3450,219.73,156.22,109.47,70.71,
b3451,,,,,
b3452,,,,,
b3453,2336.41,1450.57,714.02,404.04,276.13
b3454,438.77,407.61,437.48,391.68,367.48
b3455,269.32,286.04,289.20,280.80,262.53
b3456,,,,,
b3457,,,,,
b3458,1449.92,1608.44,2347.53,2542.99,2688.29
b3459,,,,,
b3460,24270.55,26954.57,23576.98,18882.61,16038.67
b3461,,,,,
b3462,,,,,
b3463,305.83,286.59,254.48,233.77,226.17
b3464,785.92,719.51,658.47,626.14,629.13
b3465,,,,,
b3466,,,,,
b3467,,,,,
b3468,,,,,
b3469,,,,,
b3470,,,,,
b3471,,,,,
b3472,953.30,1161.77,1329.19,1015.41,1091.52
b3473,,,,,
b3474,,,,,
b3475,,,,,
b3476,,,,,
b3477,,,,,
b3478,,,,,
b3479,,,,,
b3480,,,,,
b3481,340.96,531.38,400.31,321.99,368.96
b3482,,,,,
b3483,,,,,
b3484,,,,,
b3485,,,,,
b3486,,,,,
b3487,27.55,39.61,49.83,41.19,34.89
b3488,,,,,
b3491,,,,,
b3492,,,,,
b3493,,,,,
b3494,,,,,
b3495,23099.59,22042.89,15183.56,11691.99,11180.35
b3496,,,,,
b3497,,,,,
b3498,813.47,648.55,766.71,762.07,781.39
b3499,,,,,
b3500,672.27,597.94,525.30,450.72,497.86
b3501,,,,,
b3502,,,,,
b3503,,,,,
b3504,,,,,
b3506,567.57,352.05,363.55,373.48,491.95
b3507,,,,,
b3508,,,,,
b3509,9401.43,4089.86,3291.52,4217.49,3233.45
b3510,22242.03,8062.00,,,3049.27
b3511,,,,,
b3512,,,,,
b3513,,,,,
b3514,,,,,
b3515,,,,,
b3516,,,,,
b3517,5509.71,3079.36,1048.56,1187.74,1418.50
b3518,,,,,
b3519,,,,,
b3520,,,,,
b3521,,,,,
b3522,,,,,
b3523,,,,,
b3524,192.18,111.67,76.79,59.39,41.98
b3525,,,,,
b3526,124.67,129.27,115.19,107.10,99.34
b3527,316.85,194.18,145.42,487.45,125.35
b3528,506.27,,,,
b3529,,,,,
b3530,,,,,
b3531,,,,,
b3532,,,,,
b3533,,,,,
b3534,,,,,
b3535,,,,,
b3536,,,,,
b3537,,,,,
b3538,,,,,
b3539,,,,,
b3540,132.25,155.12,176.46,152.07,141.32
b3541,437.39,540.73,647.03,548.21,425.73
b3542,,,,,
b3543,,,,,
b3544,15765.94,15724.65,14041.45,10366.60,6190.78
b3545,,,,,
b3546,68.88,,,,
b3547,,,,,
b3548,,,,,
b3549,,,,,
b3550,,,,,
b3551,,,,,
b3552,170.82,,,335.72,
b3553,673.65,987.95,1419.05,1314.06,1633.73
b3554,646.09,576.49,484.46,443.17,509.69
b3555,,,,,
b3556,178.40,,,441.45,
b3557,,,,,
b3558,,,,,
b3559,1896.27,1925.84,2034.22,1970.75,2047.92
b3560,1443.72,1446.72,1408.84,1587.65,1699.06
b3561,,,,,
b3562,,,,,
b3563,,,,,
b3564,,,,,
b3565,,,,,
b3566,1193.00,1241.54,493.85,115.34,
b3567,,,,,
b3568,,,,,
b3569,,,,,
b3570,,,,,
b3571,,,,,
b3572,,,,,
b3573,,,,,
b3574,,,,,
b3575,,,,,
b3576,,,,,
b3577,,,,,
b3578,,,,,
b3579,,,,,
b3580,,,,,
b3581,,,,,
b3582,,,,,
b3583,,,,,
b3584,,,,,
b3585,,,,,
b3586,,,,,
b3587,,,,,
b3588,5576.52,2723.46,678.07,263.29,72.43
b3589,,,,,
b3590,20.66,22.00,21.24,20.60,21.29
b3591,,,,,
b3592,846.53,626.54,582.08,510.11,511.46
b3593,,,,,
b3594,,,,,
b3595,,,,,
b3596,,,,,
b3597,,,,,
b3598,,,,,
b3599,723.93,673.30,492.63,363.53,198.97
b3600,1310.10,983.55,676.03,528.30,415.38
b3601,,,,,
b3602,741.15,754.71,740.16,771.00,1008.74
b3603,,,,,
b3604,,,,,
b3605,88.17,84.71,80.88,59.04,52.92
b3606,,,,,
b3607,455.30,447.77,360.28,286.64,251.89
b3608,371.26,283.84,229.56,200.13,190.99
b3609,6719.24,7310.59,7847.28,7547.96,7254.21
b3610,3193.96,2760.31,2348.75,2259.79,2068.32
b3611,880.29,903.23,899.88,854.76,709.84
b3612,666.76,1119.97,1862.66,1563.97,2851.19
b3613,,,,,
b3614,,,,,
b3615,,,,,
b3616,236.95,251.94,155.22,,107.02
b3617,27.55,,27.78,17.85,15.37
b3618,,,,,
b3619,2796.53,2613.44,2188.63,2135.18,2358.05
b3620,,,,,
b3621,,,,,
b3622,,,,,
b3623,19.29,,,21.97,15.37
b3624,,,,,
b3625,,,,,
b3626,,,,,
b3627,,,,,
b3628,,,,,
b3629,,,,,
b3630,,,,,
b3631,,,,,
b3632,,,,,
b3633,,,,,
b3634,,,,,
b3635,,,,,
b3636,6563.57,7092.21,8090.74,8672.54,10765.57
b3637,8940.62,9439.41,11736.00,12677.54,13554.96
b3638,,,,,
b3639,522.11,,,383.78,
b3640,555.86,524.78,903.55,854.76,480.72
b3641,,,,,
b3642,,,,,
b3643,,,,,
b3644,799.01,686.50,584.53,502.90,474.21
b3645,,,,,
b3646,,,,,
b3647,,,,,
b3648,159.80,140.82,146.64,158.94,212.57
b3649,3537.68,3715.80,3838.07,3683.01,3704.71
b3650,,,,,
b3651,,,,,
b3652,,,,,
b3653,,,,,
b3654,,,,,
b3655,48.22,42.91,43.30,38.45,36.66
b3656,,,,,
b3657,,,,,
b3658,,,,,
b3659,,,,,
b3660,,,,,
b3661,821.74,1097.41,1458.27,1399.88,1431.21
b3662,,,,,
b3663,,,,,
b3664,,,,,
b3665,,,,,
b3666,,,,,
b3667,,,,,
b3668,,,,,
b3669,,,,,
b3670,678.47,,,970.79,
b3671,1470.59,2239.38,1768.71,2511.41,1741.34
b3672,,,,,
b3673,,,,,
b3674,,,,,
b3675,,,,,
b3676,,,,,
b3677,,,,,
b3678,,,,,
b3679,,,,,
b3680,,,,,
b3683,,,,,
b3684,,,,,
b3685,31.68,,,,
b3686,,,,,
b3687,,,,,
b3688,,,,,
b3689,,,,,
b3690,,,,,
b3691,,,,,
b3693,,,,,
b3696,,,,,
b3697,969.83,,,1729.43,
b3698,633.01,,,,265.49
b3699,581.35,603.99,643.35,609.66,650.42
b3700,,,,,
b3701,475.96,467.57,435.85,388.93,359.80
b3702,42.71,44.01,43.30,35.36,31.34
b3703,14661.79,15076.65,13343.36,20767.54,19163.62
b3704,,,,,
b3705,517.29,575.94,634.37,576.70,535.71
b3706,107.45,87.46,79.24,72.77,76.57
b3707,,,,,
b3708,3772.56,,,,
b3709,,,,,
b3710,,,,,
b3711,,,,,
b3712,,,,,
b3713,2166.96,1604.04,1155.59,1013.01,972.96
b3714,,,,,
b3715,,,,,
b3716,,,,,
b3717,,,,,
b3718,,,,,
b3719,,,,,
b3720,,,,,
b3721,,,,,
b3722,,,,,
b3723,,,,,
b3724,206.64,195.83,202.61,188.12,153.73
b3725,,,,,
b3726,,,,,
b3727,,,,,
b3728,1068.33,1013.80,1178.87,1013.70,773.11
b3729,1106.90,1231.08,1348.80,1237.17,1744.89
b3730,185.98,211.23,249.17,263.29,314.56
b3731,4635.62,5122.36,5480.56,5022.82,4620.91
b3732,11570.46,13552.37,14835.13,12876.30,11486.05
b3733,2973.55,3276.29,3548.45,3008.47,2515.04
b3734,8579.69,9160.52,9772.44,8728.49,7186.80
b3735,3232.54,4142.67,3767.81,3366.86,3017.93
b3736,2209.67,2902.78,3164.89,2795.30,2142.23
b3737,,,,,
b3738,647.47,,,,
b3739,,,,,
b3740,,,,,
b3741,,,,,
b3742,544.84,668.35,597.20,602.79,582.12
b3743,,,,,
b3744,,,,,
b3745,,,,,
b3746,,,,,
b3747,,,,,
b3748,577.90,596.84,448.51,297.28,156.40
b3749,,,,,
b3750,,,,,
b3751,10916.10,10728.25,7869.75,7031.33,3286.37
b3752,123.30,146.32,137.25,111.91,83.37
b3753,,,,,
b3754,,,,,
b3755,,,,,
b3756,,,,,
b3758,,,,,
b3760,,,,,
b3761,,,,,
b3764,2798.59,2815.32,3210.64,3341.80,3602.12
b3765,,,,,
b3766,,,,,
b3769,,,,,
b3770,768.70,1308.10,1568.56,2175.00,1965.44
b3771,25.49,34.11,62.09,46.00,78.64
b3772,,,,,
b3773,,,,,
b3774,8618.95,10438.36,11862.22,12363.10,14574.05
b3775,1499.52,1497.87,1561.21,1594.52,1654.13
b3777,,,,,
b3778,,,,,
b3779,,,,,
b3780,516.60,489.02,529.80,504.27,549.60
b3781,9331.17,9205.07,9003.28,8134.96,8234.27
b3783,2498.97,2813.12,2875.69,2789.81,2720.81
b3784,,,,,
b3785,,,,,
b3786,,,,,
b3787,,,,,
b3788,,,,,
b3789,,,,,
b3790,,,,,
b3791,76.46,66.01,66.99,70.71,79.23
b3792,,,,,
b3793,,,,,
b3794,,,,,
b3795,,,,,
b3796,,,,,
b3797,,,,,
b3799,,,,,
b3800,,,,,
b3801,,,,,
b3802,141.89,134.77,129.08,102.30,89.58
b3803,398.13,385.61,355.78,295.22,241.25
b3804,42.71,38.51,26.96,17.85,14.78
b3805,,,,,
b3806,,,,,
b3807,357.49,304.75,266.74,259.17,287.96
b3809,254.86,270.09,257.75,228.62,215.82
b3810,,,,,
b3811,,,,,
b3812,,,,,
b3813,36.51,39.61,34.31,27.46,27.79
b3816,423.61,318.50,187.49,129.76,136.59
b3817,,,,,
b3818,,,,,
b3819,,,,,
b3820,192.18,218.38,213.23,174.04,206.65
b3821,,,,,
b3822,,,,,
b3823,,,,,
b3824,,,,,
b3825,,,,,
b3826,,,,,
b3827,,,,,
b3828,,,,,
b3829,6285.99,10855.32,18754.07,28774.80,23568.12
b3830,686.73,683.75,701.77,617.21,448.49
b3831,7058.82,6399.10,3782.51,3359.30,2599.89
b3832,,,,,
b3833,668.14,739.31,676.44,659.43,666.97
b3834,81.28,,,69.34,75.68
b3835,106.08,105.62,111.92,98.18,94.61
b3836,357.49,355.90,399.08,334.01,294.17
b3838,95.05,189.23,92.72,90.97,68.29
b3839,,,,,
b3842,,,,,
b3843,208.71,214.53,211.59,161.00,116.48
b3844,216.97,255.24,255.71,224.50,223.51
b3845,1518.80,1404.91,786.73,297.28,115.60
b3846,1900.40,1857.63,1053.06,388.59,149.30
b3847,1381.73,1470.37,1344.30,1211.77,950.79
b3848,,,,,
b3849,,,,,
b3850,59.24,61.61,58.00,54.92,62.09
b3851,,,,,
b3854,,,,,
b3856,,,,,
b3857,79.90,,64.54,69.34,56.17
b3858,2270.97,2460.52,2251.13,2131.06,2352.73
b3859,,,,,
b3860,1967.90,1874.13,2093.45,2000.27,2303.36
b3861,,,,,
b3862,,,,,
b3863,1005.65,902.68,834.52,737.36,755.96
b3864,,,,,
b3865,470.45,454.92,455.45,474.75,491.66
b3866,635.76,368.55,396.22,357.01,323.43
b3867,,,,,
b3868,,,,,
b3869,,,,,
b3870,3083.07,4818.17,6172.11,7702.09,4788.24
b3871,1011.16,1178.28,1442.75,1709.52,2244.53
b3872,,,,,
b3873,,,,,
b3874,,,,,
b3875,,,,,
b3876,,,,,
b3877,,,,,
b3878,,,,,
b3879,,,,,
b3880,,,,,
b3881,,,,,
b3882,,,,,
b3883,,,,,
b3884,,,,,
b3885,,,,,
b3886,,,,,
b3887,247.28,253.59,238.55,187.09,204.59
b3888,208.02,195.28,173.60,117.40,104.36
b3889,,,,,
b3890,,,,,
b3891,230.75,205.73,186.27,141.77,148.41
b3892,,,,,
b3893,,,,,
b3894,,,,,
b3895,,,,,
b3896,,,,,
b3897,,,,,
b3898,,,,,
b3899,,,,,
b3900,,,,,
b3901,,,,,
b3902,,,,,
b3903,,,,,
b3904,,,,,
b3905,,,,,
b3906,,,,,
b3907,,,,,
b3908,36448.53,33970.32,28901.50,24400.09,21786.86
b3909,,,,,
b3910,613.72,566.03,469.34,457.59,365.12
b3911,,,,,
b3912,2600.91,2347.20,1864.30,1439.01,1226.33
b3915,,,,,
b3916,1741.97,1703.05,1905.96,1818.68,1893.89
b3917,,,,,
b3918,,,,,
b3919,6590.44,5972.24,4983.85,4766.05,4717.29
b3920,,,,,
b3921,,,,,
b3922,404.33,282.74,216.90,,214.05
b3923,393.99,272.84,290.84,267.07,273.17
b3924,283.10,278.89,249.17,249.91,202.52
b3925,,,,,
b3926,1397.57,1243.19,743.84,304.83,143.39
b3927,,,,,
b3928,3291.77,3675.65,3554.17,3719.06,4072.49
b3929,1854.25,1461.02,1123.32,963.23,881.61
b3930,,,,,
b3931,706.02,629.29,705.44,722.94,782.27
b3932,737.70,708.51,1020.38,698.57,758.33
b3933,16.53,14.30,12.25,10.98,8.87
b3934,,,,,
b3935,,,,,
b3936,4149.33,4482.62,4789.00,5680.19,7385.77
b3937,,,,,
b3938,1352.11,1229.43,1367.99,1335.00,1458.71
b3939,500.07,764.61,928.06,1015.41,742.66
b3940,59.24,101.22,139.70,121.52,166.15
b3941,696.38,1019.85,1495.03,1904.15,1874.38
b3942,4442.76,4193.83,3183.68,2809.37,2989.84
b3943,,,,,
b3944,,,,,
b3945,66.12,,,,
b3946,,,,,
b3947,26.17,,,,
b3949,,,,,
b3950,,,,,
b3951,,,,,
b3952,,,,,
b3953,,,,,
b3954,,,,,
b3955,,,,,
b3956,2319.88,3072.76,3704.90,3787.03,4780.56
b3957,383.66,394.96,432.99,519.03,594.24
b3958,177.02,158.42,206.69,566.75,328.76
b3959,610.97,679.90,740.98,781.30,953.75
b3960,233.50,378.46,508.15,607.94,983.31
b3961,149.47,167.78,160.94,136.28,143.39
b3962,927.81,1156.82,1188.26,969.76,528.32
b3963,86.10,75.91,69.85,60.42,67.70
b3964,,,,,
b3965,28.93,,,,
b3966,,,,,
b3967,,,,,
b3968,,,,,
b3969,,,,,
b3970,,,,,
b3972,35.82,38.51,35.13,35.01,30.16
b3973,,,,,
b3974,89.54,104.52,89.87,70.03,73.32
b3976,,,,,
b3978,,,,,
b3979,,,,,
b3980,,,,,
b3981,,,,,
b3982,2976.99,2774.06,2858.12,2763.38,2936.63
b3983,8389.58,8904.73,10306.73,11402.27,13088.73
b3984,10781.09,11020.34,13811.07,14124.45,17192.86
b3985,9707.25,10042.85,11927.58,12987.18,16445.18
b3986,19223.71,18112.55,23137.05,24993.61,28954.74
b3987,3550.07,3803.82,3978.99,3718.37,3888.01
b3988,3072.05,3103.56,3537.83,3254.26,3286.67
b3989,,,,,
b3990,,,,,
b3991,404.33,644.70,1024.46,984.52,966.75
b3992,367.82,408.16,556.35,568.47,542.51
b3993,737.02,872.43,995.05,976.96,1019.97
b3994,421.55,665.60,905.60,1050.43,1168.09
b3995,1009.09,969.24,666.23,440.08,411.24
b3996,,,,,
b3997,391.24,385.06,361.10,359.75,383.75
b3998,,,,,
b3999,110.21,96.81,104.98,117.06,130.97
b4000,31416.16,31887.16,31138.33,29022.65,28683.34
b4001,,,,,
b4002,,,,,
b4003,,,,,
b4004,,,,,
b4005,471.14,559.98,692.78,962.20,1130.54
b4006,487.67,628.19,893.75,1165.77,1431.51
b4009,,,,,
b4011,,,,,
b4012,,,,,
b4013,546.91,681.55,694.01,671.11,747.39
b4014,8543.87,8792.51,6767.67,4978.54,3946.25
b4015,44419.32,51215.39,30868.73,16296.36,8301.67
b4016,78.52,75.91,43.30,,20.70
b4017,,,,,
b4018,,,,,
b4019,261.74,282.74,336.18,308.26,345.90
b4020,,,,,
b4021,427.06,484.07,329.23,358.04,150.19
b4022,,,,,
b4023,168.07,,,,
b4024,475.27,540.18,554.71,785.07,930.09
b4025,4021.21,3602.49,3718.79,3536.43,3405.52
b4026,,,,,
b4027,,,,,
b4028,,,,,
b4029,,,,,
b4030,,,,,
b4031,,,,,
b4032,,,,,
b4033,,,,,
b4034,11575.28,13872.52,11771.95,6517.10,2259.90
b4035,971.21,1272.34,1134.35,607.26,193.35
b4036,283.79,364.70,330.05,171.98,38.73
b4037,4289.16,6182.92,5329.01,3728.67,1519.31
b4038,,,,,
b4039,,,,,
b4040,,,,,
b4041,458.74,427.96,307.99,239.26,237.40
b4042,,,,,
b4043,123.30,108.37,102.12,90.28,92.54
b4044,,,,,
b4045,3815.95,1770.71,784.69,395.45,253.66
b4046,166.69,117.17,118.87,76.55,85.44
b4047,,,,,
b4048,,,,,
b4049,79.90,82.51,77.61,76.21,76.87
b4050,,,,,
b4051,1874.22,1254.19,914.18,664.93,503.19
b4052,,,,,
b4053,,,,,
b4054,1094.50,1250.34,1502.38,1318.87,1418.79
b4055,389.86,532.48,500.79,,
b4056,,,,,
b4057,937.46,766.26,573.10,387.56,332.01
b4058,208.71,168.88,142.97,123.24,114.71
b4059,2396.33,2363.15,1969.68,1699.22,1508.37
b4060,,,,,
b4061,,,,,
b4062,,,,,
b4063,,,,,
b4064,,,,,
b4065,,,,,
b4066,,,,,
b4067,1069.71,,,,
b4068,1159.94,,,,
b4069,10744.59,10272.23,6216.23,2553.63,878.65
b4070,,,,,
b4071,,,,,
b4072,,,,,
b4073,,,,,
b4074,,,,,
b4075,,,,,
b4076,,,,,
b4077,,,,,
b4078,,,,,
b4079,,,,,
b4080,,,,,
b4081,,,,,
b4082,,,,,
b4083,,,,,
b4084,,,,,
b4085,,,,,
b4086,,,,,
b4087,144.65,,,,
b4088,265.19,207.38,160.12,131.13,27.20
b4089,,,,,
b4090,,,,,
b4092,,,,,
b4093,,,,,
b4094,,,,,
b4095,,,,,
b4096,,,,,
b4097,,,,,
b4098,,,,,
b4099,,,,,
b4100,,,,,
b4101,,,,,
b4102,,,,,
b4104,,,,,
b4105,,,,,
b4106,,,,,
b4107,1765.39,774.52,427.68,188.80,146.05
b4108,789.36,480.77,627.42,,553.44
b4109,,,,,
b4110,47.53,,,,
b4111,,,,,
b4112,,,,,
b4113,711.53,908.19,635.18,641.58,446.72
b4114,,,,,
b4115,,,,,
b4116,,,,,
b4117,,,,,
b4118,,,,,
b4119,,,,,
b4120,,,,,
b4121,,,,,
b4122,,,,,
b4123,,,,,
b4124,,,,,
b4125,,,,,
b4126,,,,,
b4127,344.40,,,,
b4128,,,,,
b4129,94.37,96.81,93.54,80.33,71.84
b4130,,,,,
b4131,,,,,
b4132,,,,,
b4133,,,,,
b4135,533.13,457.12,348.02,320.62,287.66
b4136,,,,,
b4137,,,,,
b4138,,,,,
b4139,1474.72,1777.87,1313.26,691.70,243.31
b4140,,,,,
b4141,,,,,
b4142,18817.32,18330.94,15628.39,14296.43,12202.99
b4143,12299.21,10864.12,10053.07,8663.61,5938.59
b4144,366.44,354.25,290.84,227.94,188.03
b4145,,,,,
b4146,,,,,
b4147,2892.96,2901.68,3489.63,3502.79,3604.49
b4148,,,,,
b4149,54.42,39.61,39.62,33.30,28.97
b4150,,,,,
b4151,,,,,
b4152,,,,,
b4153,779.72,542.93,290.02,289.04,144.87
b4154,327.87,291.54,208.73,133.88,80.71
b4155,,,,,
b4156,,,,,
b4157,,,,,
b4158,,,,,
b4159,,,,,
b4160,1004.96,876.28,709.94,668.36,623.22
b4161,274.83,252.49,213.63,173.35,181.53
b4162,657.11,638.10,529.39,526.59,577.69
b4165,,,,,
b4166,,,,,
b4167,157.05,130.92,81.70,67.28,
b4168,353.35,179.33,287.98,244.41,243.91
b4169,,,,,
b4170,17.91,22.00,14.71,13.73,8.87
b4171,,,,,
b4172,,,,,
b4173,135.69,136.42,138.07,121.18,109.09
b4174,785.23,873.53,973.81,829.01,745.91
b4175,436.01,427.41,509.78,452.78,448.49
b4176,,,,,
b4177,6538.78,6663.69,5610.05,5289.89,5871.48
b4178,,,,,
b4179,156.36,139.72,139.70,142.80,146.64
b4180,,,,,
b4181,,,,,
b4182,,,,,
b4183,77.15,,,,
b4184,,,,,
b4185,,,,,
b4186,,,,,
b4187,,,,,
b4188,,,,,
b4189,,,,,
b4190,,,,,
b4191,,,,,
b4192,,,,,
b4193,,,,,
b4194,,,,,
b4195,,,,,
b4196,,,,,
b4197,,,,,
b4198,,,,,
b4199,,,,,
b4200,13590.71,14288.93,15040.18,15788.31,16781.32
b4201,,,,,
b4202,9499.24,9821.72,11963.11,13075.40,12718.59
b4203,10092.29,10916.93,13644.82,14297.12,17563.59
b4204,,,,,
b4205,,,,,
b4206,181.84,,78.43,,63.27
b4207,2000.27,2216.28,2146.96,2177.06,2182.44
b4208,602.70,739.86,463.21,352.20,
b4209,,,,,
b4210,,,,,
b4211,78.52,60.51,50.65,52.86,43.16
b4212,,,,,
b4213,293.43,279.99,250.40,156.88,104.66
b4214,1407.91,995.10,649.48,613.43,501.71
b4215,,,,,
b4216,1497.45,1860.38,1536.70,883.59,367.19
b4217,,,,,
b4218,,,,,
b4219,1408.60,981.90,920.30,849.27,753.00
b4220,,,,,
b4221,,,,,
b4222,306.52,291.54,254.48,233.77,237.11
b4224,,,,,
b4225,,,,,
b4226,9701.74,10082.45,9916.23,9003.11,9032.80
b4227,4220.96,2474.27,805.11,178.50,56.17
b4230,,,,,
b4231,,,,,
b4232,617.16,749.21,792.86,706.81,705.41
b4233,172.89,196.38,216.49,209.74,240.36
b4234,987.74,665.60,681.75,589.41,600.45
b4235,846.53,786.62,733.22,739.07,745.32
b4236,,,,,
b4237,,,,,
b4238,,,,,
b4239,,,,,
b4240,,,,,
b4241,,,,,
b4242,,,,,
b4243,4061.85,5091.56,5373.94,5005.66,4569.76
b4244,9315.33,16441.40,11770.72,15890.95,11294.77
b4245,7242.73,11255.78,10281.41,12805.58,10016.41
b4246,,,,,
b4248,,,,,
b4249,,,,,
b4251,,,,,
b4252,278.96,266.24,364.77,389.62,
b4253,,,,,
b4254,672.27,864.73,1169.07,1701.28,1423.23
b4255,6552.55,5754.41,4860.08,4741.33,4486.98
b4256,143.27,171.63,,135.94,134.81
b4257,,,,,
b4258,653.67,720.06,770.80,809.45,887.82
b4259,,,,,
b4260,831.38,929.09,908.05,837.94,677.62
b4261,36.51,39.61,40.03,20.60,22.17
b4262,135.69,107.27,92.72,60.42,82.19
b4263,637.83,405.41,276.95,208.71,166.74
b4264,,,,,
b4265,,,,,
b4266,42.71,36.31,15.52,21.97,
b4267,,,,,
b4268,,,,,
b4269,266.57,173.28,127.85,117.06,130.38
b4270,,,,,
b4271,,,,,
b4277,,,,,
b4278,,,,,
b4279,,,,,
b4280,162.56,,,,
b4281,,,,,
b4282,,,,,
b4284,,,,,
b4286,,,,,
b4287,,,,,
b4288,,,,,
b4289,,,,,
b4290,,,,,
b4291,,,,,
b4292,,,,,
b4293,,,,,
b4295,146.03,142.47,170.74,62.48,91.06
b4296,,,,,
b4297,,,,,
b4298,,,,,
b4299,,,,,
b4300,,,,,
b4301,,,,,
b4302,78.52,,,,
b4303,617.16,693.10,77.61,201.85,818.34
b4304,,,,,
b4305,679.85,1145.27,493.44,,
b4306,,,,,
b4307,,,,,
b4308,,,,,
b4309,,,,,
b4310,,,,,
b4311,,,,,
b4312,,,,,
b4313,,,,,
b4314,,,,,
b4315,,,,,
b4316,,,,,
b4317,,,,,
b4318,,,,,
b4319,,,,,
b4320,,,,,
b4321,,,,,
b4322,843.09,582.54,395.82,265.70,169.70
b4323,117.78,99.01,53.10,42.57,25.43
b4324,,,,,
b4325,,,,,
b4326,,,,,
b4327,,,,,
b4328,,,,,
b4329,,,,,
b4330,,,,,
b4331,,,,,
b4332,,,,,
b4333,,,,,
b4334,,,,,
b4335,,,,,
b4336,,,,,
b4337,,,,,
b4339,,,,,
b4340,,,,,
b4341,,,,,
b4342,,,,,
b4345,,,,,
b4346,,,,,
b4347,,,,,
b4348,,,,,
b4349,,,,,
b4350,43.39,59.41,56.37,41.19,34.89
b4351,,,,,
b4352,,,,,
b4353,,,,,
b4354,,,,,
b4355,95.05,,,,
b4356,,,,,
b4357,,,,,
b4358,,,,,
b4359,,,,,
b4360,252.10,,,,
b4361,,,,,
b4362,,,,,
b4363,,,,,
b4364,,,,,
b4365,,,,,
b4366,,,,,
b4367,,,,,
b4369,,,,,
b4370,,,,,
b4371,265.88,249.74,238.96,229.31,196.31
b4372,,,,,
b4373,,,,,
b4374,,,,,
b4375,277.59,310.80,354.56,421.54,444.65
b4376,4206.50,3762.01,8436.72,9870.57,10181.97
b4377,,,,,
b4378,,,,,
b4379,,,,,
b4380,,,,,
b4381,1472.65,1058.36,828.80,727.40,762.17
b4382,239.01,162.27,137.25,115.34,113.23
b4383,2067.78,1493.47,1180.91,977.99,838.74
b4384,1773.66,2017.15,1911.27,2026.70,1500.10
b4385,,,,,
b4386,,,,,
b4387,,,,,
b4388,106.76,102.87,98.44,94.40,107.91
b4389,,,,,
b4390,58.55,43.46,35.54,31.24,27.20
b4391,1855.63,1817.47,2021.15,1949.81,1602.09
b4392,219.73,169.43,145.42,97.49,99.63
b4393,589.61,523.68,325.97,351.52,230.60
b4394,,,,,
b4395,267.25,310.25,345.16,300.71,263.71
b4396,438.77,371.31,317.80,264.32,266.08
b4397,295.50,381.21,504.88,,232.97
b4398,,,,,
b4399,,,,,
b4400,,,,,
b4401,7036.78,4915.53,3485.55,3066.83,2650.74
b4402,,,,,
b4403,,,,,
b4406,,,,,
b4407,,,,,
b4408,,,,,
b4409,,,,,
b4410,,,,,
b4411,,,,,
b4412,,,,,
b4414,,,,,
b4415,,,,,
b4416,,,,,
b4417,,,,,
b4418,,,,,
b4420,,,,,
b4421,,,,,
b4422,,,,,
b4423,,,,,
b4424,,,,,
b4425,,,,,
b4426,,,,,
b4427,,,,,
b4428,,,,,
b4430,,,,,
b4431,,,,,
b4432,,,,,
b4433,,,,,
b4435,,,,,
b4436,,,,,
b4437,,,,,
b4438,,,,,
b4439,,,,,
b4440,,,,,
b4441,,,,,
b4442,,,,,
b4443,,,,,
b4444,,,,,
b4445,,,,,
b4446,,,,,
b4447,,,,,
b4448,,,,,
b4449,,,,,
b4450,,,,,
b4451,,,,,
b4452,,,,,
b4453,,,,,
b4454,,,,,
b4455,,,,,
b4456,,,,,
b4457,,,,,
b4458,,,,,
b4459,,,,,
b4460,,,,,
b4461,,,,,
b4462,,,,,
b4463,,,,,
b4464,,,,,
b4465,,,,,
b4466,,,,,
b4467,,,,,
b4468,,,,,
b4469,,,,,
b4470,,,,,
b4471,,,,,
b4472,,,,,
b4473,,,,,
b4474,,,,,
b4475,,,,,
b4476,,,,,
b4477,,,,,
b4478,,,,,
b4479,,,,,
b4480,,,,,
b4481,,,,,
b4482,,,,,
b4483,,,,,
b4484,,,,,
b4485,,,,,
b4486,,,,,
b4487,,,,,
b4488,,,,,
b4490,,,,,
b4491,,,,,
b4492,,,,,
b4493,,,,,
b4494,,,,,
b4495,,,,,
b4496,,,,,
b4497,,,,,
b4498,,,,,
b4499,,,,,
b4500,,,,,
b4501,,,,,
b4502,,,,,
b4503,,,,,
b4504,,,,,
b4505,,,,,
b4506,,,,,
b4509,,,,,
b4511,,,,,
b4512,,,,,
b4513,,,,,
b4514,,,,,
b4515,,,,,
b4517,,,,,
b4518,,,,,
b4519,,,,,
b4520,,,,,
b4521,,,,,
b4522,,,,,
b4523,,,,,
b4524,,,,,
b4525,,,,,
b4526,,,,,
b4527,,,,,
b4529,,,,,
b4532,,,,,
b4533,,,,,
b4535,,,,,
b4536,,,,,
b4537,,,,,
b4538,,,,,
b4539,,,,,
b4541,,,,,
b4542,,,,,
b4543,,,,,
b4544,,,,,
b4546,,,,,
b4547,,,,,
b4548,,,,,
b4550,,,,,
b4551,,,,,
b4552,,,,,
b4553,,,,,
b4554,,,,,
b4555,,,,,
b4556,,,,,
b4557,,,,,
b4558,,,,,
b4559,,,,,
b4561,,,,,
b4565,,,,,
b4566,,,,,
b4567,,,,,
b4568,,,,,
b4569,,,,,
b4570,,,,,
b4571,,,,,
b4572,,,,,
b4573,,,,,
b4575,,,,,
b4577,,,,,
b4578,,,,,
b4579,,,,,
b4580,,,,,
b4581,,,,,
b4582,,,,,
b4585,,,,,
b4586,,,,,
b4587,,,,,
b4588,,,,,
b4590,,,,,
b4592,,,,,
b4593,,,,,
b4594,,,,,
b4595,,,,,
b4596,,,,,
b4597,,,,,
b4598,,,,,
b4599,,,,,
b4600,,,,,
b4601,,,,,
b4602,,,,,
b4603,,,,,
b4604,,,,,
b4606,,,,,
b4608,,,,,
b4609,,,,,
b4611,,,,,
b4612,,,,,
b4613,,,,,
b4615,,,,,
b4616,,,,,
b4618,,,,,
b4620,,,,,
b4621,,,,,
b4622,,,,,
b4623,,,,,
b4624,,,,,
b4625,,,,,
b4626,,,,,
b4627,,,,,
b4628,,,,,
b4630,,,,,
b4631,,,,,
b4632,,,,,
b4633,,,,,
b4636,,,,,
b4637,,,,,
b4639,,,,,
b4640,,,,,
b4641,,,,,
b4642,,,,,
b4644,,,,,
b4646,,,,,
b4647,,,,,
b4648,,,,,
b4649,,,,,
b4650,,,,,
b4651,,,,,
b4652,,,,,
b4653,,,,,
b4654,,,,,
b4655,,,,,
b4656,,,,,
b4657,,,,,
b4658,,,,,
b4659,,,,,
b4660,,,,,
b4661,,,,,
