upid,LB_BATCH_mu=1.78_S,GLC_BATCH_mu=0.67_S,LB_BATCH_mu=2.3_S,GLC_BATCH_mu=1.03_S
P0A8T7,4695.72,2270.37,8917.80,5878.96
P0A8V2,5649.04,2848.95,9257.92,6028.69
P36683,17855.46,9625.64,14290.02,10998.65
P15254,414.36,2422.46,338.62,3523.27
P09831,272.00,1815.06,254.29,3561.65
P00968,240.62,4413.61,405.20,3530.90
P25665,749.35,37939.37,772.33,64047.37
P0A6F5,55698.17,22304.79,44647.07,30082.68
P0A6Y8,42935.75,18132.70,35698.54,23223.54
P0A705,3236.16,1544.64,5354.90,3033.75
P0CE47,417978.42,279772.59,459427.44,317873.61
P0AFG8,10368.55,4470.05,14606.90,7319.11
P0A6M8,66828.09,40158.65,100428.39,51744.41
P00957,3255.40,2167.35,4419.88,3817.31
P00864,625.88,2042.39,617.41,3065.54
P00961,5562.27,3030.03,5700.61,3635.75
P07118,2380.60,1599.04,2863.53,2023.01
P63284,3400.42,1610.77,2383.49,1657.63
P0AG67,46363.94,24938.17,67350.26,37811.58
P0A853,138624.68,808.28,1090.56,1058.44
P05793,1147.69,34730.06,1726.70,18154.28
P06959,20444.34,8786.85,22229.24,10909.67
P00956,2408.02,1979.50,2664.07,2239.66
P10408,1249.89,547.32,1665.21,1071.97
P0ABB4,36068.22,21539.32,45796.76,30159.72
P07813,1779.61,1429.13,2282.62,1799.07
P0AFG3,3355.44,1355.75,5610.89,3757.79
P00561,1360.50,4375.28,1260.20,7548.38
P0A850,51695.46,25146.88,54659.01,30830.66
P0A9Q7,3259.20,2852.66,3164.23,3498.96
P21889,3220.86,2068.83,4067.61,3388.23
P0A940,2803.68,1957.30,2609.62,2333.62
P0AC33,7929.61,1405.71,3657.18,2345.37
P0A6F3,32476.50,5103.84,7654.61,760.80
P13035,11178.36,5825.89,4164.81,304.20
P09546,389.99,47.69,233.23,86.42
P05055,4619.04,2207.92,6111.31,4317.01
P39180,4506.18,5179.73,167.29,239.46
P0A9M0,2400.65,1060.68,2676.74,2039.42
P21513,1150.02,596.62,1875.50,1255.89
P0AES4,1286.72,517.50,1559.65,1145.75
P0A6Z3,7809.93,2615.45,6358.85,2996.50
P08839,5143.27,10437.73,4867.04,11598.55
P23847,1725.79,6850.57,275.85,7808.91
P09373,5231.23,3432.23,4650.15,5154.72
P0AC41,6616.82,1770.20,6224.76,3399.29
P13029,1917.03,1467.71,1462.78,1753.55
P0AES6,1534.61,750.07,1780.24,1204.32
P13009,150.58,303.66,148.39,518.93
P76558,1376.53,277.49,875.98,513.07
P0A6E4,694.10,8158.01,557.99,8992.93
P07395,3175.56,1997.52,3908.89,3396.23
P16659,4947.62,3901.79,5034.35,4482.34
P25553,13414.32,2350.40,4934.86,5203.54
P0A9W3,3228.06,2188.77,4375.62,3159.02
P08200,21529.96,37682.16,21831.08,42776.33
P0A799,41675.04,30363.43,32917.93,29970.65
P0A6P1,42439.86,19987.31,54436.09,24930.48
P04825,1958.99,933.10,1558.34,1077.00
P0AD61,8347.01,7935.85,7729.64,7180.68
P0AFF6,8650.14,5037.03,11190.54,6910.67
P00370,689.76,6031.75,781.21,8035.64
P0AG30,4695.66,3107.66,5518.84,3721.94
P00959,2272.33,2151.92,2691.20,2614.07
P0AAI3,2504.72,1758.28,3267.93,2250.69
P07017,5232.96,3793.40,4587.61,4321.21
P0A817,5527.56,10758.33,9937.12,17085.54
P0A9A6,7772.65,6072.78,8258.12,8374.27
P23843,2665.06,20761.12,1082.96,2436.56
P0A6T1,4348.42,3224.60,3575.99,3007.25
P17846,222.01,2766.85,190.14,4267.50
P15639,347.04,2349.00,299.08,2461.04
P0ADY1,1585.24,891.68,2167.60,1531.59
P0A9M8,2720.55,1053.76,4666.33,1891.20
P02942,9736.41,3940.96,11569.49,6747.22
P22523,252.72,95.61,367.44,259.49
P0A825,9305.83,21854.32,6629.28,17951.72
P00350,15285.13,12627.53,8285.61,6773.25
P0ABB0,19987.60,13132.76,25346.46,16225.41
P04079,3665.20,4160.19,3364.63,3478.39
P30850,1071.20,1262.71,1427.88,1639.19
P00582,622.89,327.00,752.81,433.61
P0A910,119116.61,108747.03,100200.09,55085.29
P0A9C5,5592.13,17062.28,5104.05,23013.63
P38038,147.72,2697.62,161.87,3995.37
P0A7E5,1824.48,1175.13,3028.32,1464.38
P27298,1808.52,1113.85,2071.85,1541.74
P05791,178.32,902.31,683.98,6044.71
P33599,2452.28,925.19,3635.58,1402.09
P0A8M3,1255.63,812.23,1838.35,1251.28
P26616,1000.32,489.85,963.28,511.05
P00452,950.29,414.39,1338.99,807.89
P0A9B2,46841.52,43004.95,37552.80,44045.36
P0A7Z4,26710.33,16895.68,29905.94,23003.72
P60422,29298.20,12263.63,51838.10,23936.29
P0A9P0,23261.82,12054.72,31709.35,15126.14
P0ABH7,13799.53,7820.91,11037.90,18265.83
P17169,4471.25,4042.33,4371.34,4281.42
P0A8N3,3789.94,2272.21,4051.19,2882.11
P33602,2849.06,1089.59,3746.23,1307.80
P23538,2106.01,837.22,2259.23,2236.35
P0ABH9,564.86,382.64,615.99,441.52
P06612,602.07,245.51,682.00,390.61
P32176,1566.63,126.13,1976.93,141.75
P61889,86227.97,45044.31,34219.21,50317.87
P0AD96,567.73,25126.45,493.14,16447.86
P00509,3585.72,7537.61,4300.02,9499.81
P0A7D4,9528.83,6846.75,9909.53,6766.36
P0A8M0,5293.90,4726.30,5701.22,5938.37
P32132,3319.01,2934.83,4677.83,3819.44
P0AB89,935.36,1802.44,1245.79,2471.23
P35340,3624.36,1871.64,3322.83,2138.17
P24182,4822.90,2214.87,6113.95,2990.45
P00962,1405.43,1309.29,1545.48,1456.74
P11875,1011.75,770.96,1509.57,982.13
P0A9P6,1162.84,421.95,2707.81,874.27
P17315,141.30,489.74,196.14,789.12
P04949,82244.54,34899.63,52509.61,29095.20
P33195,1533.84,272.76,742.16,555.00
P0A953,8671.83,4556.85,9826.21,5522.94
P0A6B7,13975.28,10684.04,14012.32,15282.24
P0A836,18968.65,7068.41,16638.88,13276.62
P27302,5321.00,3633.46,6502.52,4998.19
P08997,1150.76,2741.42,363.82,322.49
P0A8L1,5192.44,2366.95,5710.11,3317.64
P09151,88.70,1314.92,101.50,2035.25
P0AEE5,18836.24,939.56,6883.49,1786.21
P0AGD7,1348.50,816.16,1616.90,1068.83
P06971,317.72,785.25,713.99,1236.32
P31554,646.73,456.34,679.73,468.55
P38054,61.82,202.13,56.72,915.19
P60240,310.09,77.22,388.97,95.43
P13036,601.33,22.96,1440.57,49.26
P0ABK5,12970.18,65474.67,6295.58,62493.90
P0A6P9,37963.86,35656.22,45097.61,45654.61
P0A9G6,11405.99,15369.43,1780.34,1525.82
P00934,3759.03,13676.34,1414.12,14285.97
P0ADG7,3974.04,10845.88,6135.31,10429.73
P02930,5302.97,3968.39,6312.75,4147.45
P04805,4317.43,2889.50,4545.62,3158.30
P0ABP8,17475.08,2656.07,23768.81,3348.11
P0A6H1,4225.89,2504.03,3947.36,3096.65
P0A6K6,9560.13,2150.63,11803.45,2335.47
P77804,1575.07,840.77,1792.98,933.50
P05459,897.17,1068.07,1094.18,1020.96
P07650,2642.36,404.68,2137.37,328.00
P37330,2486.02,187.88,278.25,181.49
P0A7V0,59525.70,33317.43,77249.33,48352.41
P0A7L0,65669.70,31336.66,87860.09,45906.17
P0AE06,3670.36,2241.53,5852.90,2823.62
P23845,104.18,870.42,58.07,2010.58
P0A6H5,2928.99,882.62,3011.05,1598.62
P06129,684.52,684.64,1165.52,1094.28
P31979,2030.88,401.73,2174.29,794.95
P0AB71,20325.50,17922.71,19690.73,17954.86
P0A870,12774.83,9247.45,10560.75,7508.22
P0AFG6,13477.20,4782.54,18246.91,10512.87
P0C0V0,1781.50,1927.07,1674.33,4386.66
P37689,1639.32,2405.33,1598.23,1698.43
P11447,581.77,2553.54,467.55,3792.31
P0A903,2617.96,1778.41,3059.19,2632.16
P0AC53,1529.43,1352.28,1354.43,1429.90
P36938,1528.53,1050.22,1600.49,1328.76
P0AEI1,1665.09,1030.29,2471.86,1658.57
P23865,492.21,486.65,486.53,590.14
P21179,93.94,132.21,32.43,40.33
P46837,369.89,244.94,616.76,532.88
P33363,323.37,206.15,346.68,322.32
P0A7A7,186.02,109.12,315.37,195.28
P62399,65896.22,33549.55,93410.99,46424.28
P0AGE9,21675.77,6765.45,17426.46,13031.92
P0AEK4,8557.97,5999.21,10827.08,7116.15
P08660,368.26,2982.25,483.27,7541.56
P67910,4862.41,3263.23,5930.88,3299.14
P09832,300.23,3613.13,266.75,2788.80
P0ABD5,4926.61,3070.76,5711.49,4453.71
P07014,9288.61,2349.51,7679.50,3890.12
P0AEX9,9362.57,2059.31,555.72,491.12
P0ABZ6,2325.81,1532.60,2129.08,1393.08
P37759,1805.43,866.51,51.79,64.11
P60785,1389.59,704.29,2011.10,1315.71
P00579,1798.25,667.64,2039.77,1095.73
P62620,1314.67,770.27,1302.84,941.14
P27550,1081.74,236.49,323.39,564.59
P09394,10390.66,539.42,2623.45,293.60
P11454,11.52,47.63,31.46,176.75
P02359,102200.04,65096.78,155427.49,85175.60
P06996,56742.99,20763.21,16890.18,5013.33
P02931,18617.34,25214.32,6000.32,12102.93
P23721,2525.28,18184.03,2487.17,17207.06
P09169,6114.07,13137.87,2601.95,5808.60
P0AEM9,3246.64,11047.16,3179.59,9200.61
P0A786,409.67,10551.53,243.78,734.12
P08312,3400.71,2244.46,3733.84,3318.85
P05020,656.67,4084.78,399.61,1522.09
P37095,3268.15,1974.32,3145.71,2712.23
Q59385,221.48,3009.29,212.62,4406.02
P0ABA6,2747.05,1843.07,3809.26,2423.03
P08142,172.64,985.47,101.84,969.16
P22259,9230.68,1442.02,5044.03,2100.33
P0C8J8,6053.75,771.06,202.21,371.19
P31120,2007.55,1020.66,2395.50,1314.60
P0A7I4,1311.16,905.33,1415.50,974.59
P22106,292.24,1078.09,244.73,1625.72
P25516,338.36,183.14,233.06,154.18
P31224,449.80,275.20,1104.10,507.98
P0ABQ2,4064.68,384.54,1365.11,364.63
P77748,76.78,258.12,116.10,493.13
P0AB77,2850.14,167.75,2012.32,170.76
P0A9C0,1526.72,86.84,280.19,35.30
P60438,34899.23,17531.26,46112.26,25464.54
P0A7V3,33612.22,11380.50,63600.67,33205.56
P0C8J6,15927.15,5029.12,372.26,273.40
P60757,249.05,2905.03,308.86,4982.82
P0A6A6,719.41,4175.18,484.25,5395.17
P0A9X4,4257.33,3752.07,4451.69,3702.27
P76116,1658.70,3504.46,2932.68,4394.21
P69786,628.90,1735.07,623.45,3691.92
P60906,2275.76,1761.78,3063.45,2338.96
Q46856,4759.53,1525.51,6856.88,1118.34
P0ABC7,1563.32,1022.10,1891.59,1786.84
P0A8N5,1466.14,506.06,1664.33,674.54
P45464,517.53,413.04,612.49,542.45
P24171,191.24,307.87,182.42,345.38
P08957,595.28,365.94,669.88,552.90
P06149,191.89,215.63,132.34,283.40
P00926,834.47,202.85,2421.84,225.59
P15042,460.93,195.45,589.62,291.69
P75780,300.84,214.83,381.42,408.23
P30958,47.62,34.46,63.62,73.65
P04983,75.89,38.23,635.03,263.64
P0A7V8,23936.47,12236.00,38545.34,21466.22
P69441,8342.39,5790.38,8983.71,5363.25
P0A858,4718.57,5152.04,4911.21,5855.51
P0AB91,1303.91,6517.06,866.94,5882.81
P16700,289.79,3514.64,392.30,4619.55
P18843,1631.70,3499.66,1629.22,2948.98
P37902,1311.61,3426.58,1230.53,8290.21
P04036,1688.74,3108.89,1858.29,5627.39
P15288,5269.49,2408.85,4281.08,2664.58
P15640,219.09,2034.26,259.56,2691.60
P12758,20521.46,1571.88,14517.30,1083.61
P21170,1042.78,904.49,1235.09,1552.32
P0ABJ1,2012.24,749.16,2783.98,1261.51
P0A6Z1,1567.57,835.27,2014.84,1340.13
P21165,1344.47,1101.13,1292.49,886.50
P0A749,1054.51,698.35,1311.55,1132.15
P15034,648.39,462.53,626.51,447.66
P02943,2048.25,300.69,129.93,146.16
P0AG90,503.94,225.32,1083.86,658.47
P05825,62.18,258.06,99.26,531.55
P21177,343.01,28.67,128.89,99.54
P0AE08,56033.43,51209.99,50783.33,46382.63
P0A6T5,1816.59,11676.83,1656.68,11708.22
P0A9Q9,2419.41,14909.93,1406.56,11539.55
P0A877,913.77,4478.87,633.28,7926.75
P0A879,607.50,3473.44,397.59,6246.45
P0AFG0,7724.34,4807.60,9304.26,5758.58
P0A6A3,13696.47,4092.29,18696.85,6030.56
P0AEZ1,315.53,3353.65,315.71,5856.78
P18335,193.31,3126.39,190.75,4300.98
P0AEZ3,3854.66,2460.38,3838.82,2848.72
P0AAI5,4474.05,2332.89,7062.48,3668.33
P37666,1347.83,2048.79,1124.75,1487.95
P07012,2552.53,1577.70,2281.76,1601.79
P0A7E1,341.95,1802.21,583.61,1278.79
P38489,1810.44,1526.59,1765.79,1523.11
P0AEB2,1750.85,1538.82,1891.33,1618.82
P0ADE8,2011.46,1461.70,1389.37,922.34
P76658,1571.67,1029.87,1709.69,1352.11
P0A6L0,6306.03,615.00,5072.43,600.59
P07023,211.87,614.69,162.87,2042.98
P08506,505.45,536.53,489.65,1021.40
P00895,83.70,581.22,104.84,1395.69
P0A887,1466.38,911.20,1508.61,886.41
P33136,928.72,793.50,717.94,600.19
P68767,837.20,641.83,1039.96,943.60
P18133,228.37,562.07,180.17,267.34
P21888,779.31,616.79,1087.11,930.25
P00893,56.18,594.44,60.57,622.07
P0A9U3,596.25,310.39,930.85,608.51
P27306,1624.51,366.37,1472.19,423.89
P77718,317.69,191.67,698.66,401.79
P00490,275.41,217.30,61.03,69.94
P0AC38,4007.00,131.52,4130.82,225.72
P0A7W1,47669.68,20963.75,57876.00,30830.91
P0AG55,41839.67,20685.15,54694.28,29551.81
P0A9D8,6221.76,11858.47,6494.92,20020.39
P0AEU0,2636.39,11693.04,3102.43,21948.51
P0A707,17046.86,10839.29,17985.30,11288.73
P0A7D7,896.45,9026.37,776.55,9005.14
P0A717,7279.70,6185.18,10212.67,8396.15
P09372,12475.03,5036.60,10826.88,6324.54
P02925,18417.14,3235.50,79501.15,21225.71
P23836,2719.58,2944.67,2861.02,3063.27
P06987,531.16,2452.72,730.76,4509.37
P76177,1886.87,2290.30,1950.24,2714.09
P07001,742.50,2951.26,802.94,4036.95
P23908,228.94,1978.92,264.26,2508.55
P0A6Y5,4454.10,1739.64,4456.77,2628.53
P0ACJ8,2865.35,1967.51,2370.86,1762.33
P10121,1601.55,1020.62,1769.27,1181.06
P0AFK0,1342.53,787.97,1148.39,971.22
P0A796,798.77,907.86,725.81,902.10
P00946,1448.99,850.67,1261.50,909.46
P0AG16,58.99,570.21,92.17,1171.43
P75691,101.83,188.46,65.24,109.18
P0A7B5,565.96,517.91,535.83,909.03
P0A8J8,632.92,463.92,896.04,618.90
P0AB24,389.79,757.54,436.36,523.09
P25526,504.26,114.08,92.34,103.72
P06715,429.79,407.07,486.77,326.98
P00562,94.81,220.10,167.15,435.62
P05042,888.93,377.69,440.12,379.65
P0AEJ2,81.18,264.48,163.67,380.04
P0A6P5,262.35,184.20,583.10,356.78
P04968,71.72,186.03,207.79,1259.42
P43672,357.13,124.31,399.72,231.61
P21499,140.37,75.42,236.77,168.66
P07018,715.51,384.63,1062.67,1016.46
P0A6J5,1630.33,47.83,997.11,110.80
P28635,3963.24,29248.96,5290.82,39552.59
P0A8F0,10232.22,19909.96,14385.62,10199.26
P0A8M6,13872.63,22047.26,18669.25,24544.04
P62707,13267.71,10906.54,14284.55,12327.15
P0A6F1,1185.73,9270.24,1271.37,6387.59
P0ABS1,19076.33,5979.36,16748.41,8249.52
P0AEQ3,7835.34,4873.00,2741.40,5746.94
P25524,687.88,3334.03,542.85,1518.87
P0AB67,769.57,1993.99,920.71,4862.83
P04816,285.11,3564.35,269.34,2748.37
P0ABU2,5647.53,3221.31,5977.04,3630.88
P0AC02,2168.81,1976.81,1983.88,1757.79
P33221,134.00,1512.84,104.10,1966.55
P0AEE1,2680.03,1525.30,2792.51,1595.61
P0A855,859.53,1142.16,1045.83,1445.86
P0A9J8,176.61,415.79,150.10,515.63
P21599,2358.89,1302.91,1674.01,1359.04
P21156,126.07,978.06,143.07,1411.04
P0A9C3,2007.73,853.82,2065.03,1070.09
P0ABC3,1263.50,843.55,1497.36,1196.00
P0A847,846.92,1010.35,1077.40,733.46
P00393,931.85,498.12,1184.44,846.51
P27248,3606.28,612.79,1245.50,826.01
P09147,1487.61,529.11,1359.85,662.36
P39099,557.09,589.17,563.23,660.31
P09127,748.52,403.38,806.45,559.40
P22188,513.64,377.56,688.76,666.90
P0ACC7,788.93,476.38,1243.98,717.15
P60716,2427.63,506.66,2259.04,564.75
P0A6W9,412.41,322.12,457.41,413.10
Q46829,416.17,337.80,305.93,277.94
P76403,550.60,345.60,966.46,426.62
P24215,980.37,276.56,881.46,391.34
P21507,426.22,194.14,866.05,497.20
P77488,473.36,197.94,467.44,280.53
P36979,423.78,186.09,706.73,329.28
P0AFI2,219.99,120.79,394.78,339.01
P0A6L4,11290.54,149.32,13137.84,226.68
P0A9H9,5924.46,3042.42,4362.83,3623.28
P06974,1202.31,676.44,1368.08,1125.57
P63389,112.37,40.54,187.67,108.44
P00363,417.37,36.93,184.25,44.26
P25798,325.04,215.09,448.15,407.25
P08956,71.41,11.69,67.12,29.49
P0A7J3,92729.19,39955.32,119899.02,54717.74
P02358,34794.48,18725.63,41969.67,22162.81
P0AF96,750.54,1001.97,585.86,674.87
P0A9T0,838.69,12112.68,546.09,8517.39
P0A6L2,4323.22,4311.70,4923.71,5926.56
P0ACA3,6681.04,4212.32,10451.14,6149.59
P0A9P4,4211.23,4046.92,5982.87,5214.53
P0ABT2,5748.50,2033.20,1894.13,511.27
P00954,3137.39,2870.34,3384.52,4441.45
P0AFK9,2825.58,2743.91,3129.50,2431.24
P0A6D7,4131.94,2950.26,6041.18,3880.39
P23893,2861.20,2373.99,3856.45,2947.93
P0A715,3153.95,2482.35,3085.23,2322.14
P0AGJ9,2750.67,2179.14,3829.07,3174.97
P77239,112.84,1640.47,122.73,3422.51
P17854,221.93,1654.06,257.52,2918.53
P00963,916.82,1426.17,413.91,2677.68
P08244,922.86,1561.35,964.64,1029.72
P0A7G6,2698.13,1448.67,2466.66,1779.45
P0A993,2364.56,1223.75,3924.35,2044.42
P40874,622.42,1020.04,721.01,1348.85
P31663,978.87,1324.20,1114.77,1416.71
P77774,1314.44,890.48,1528.08,1285.63
P11557,821.84,664.83,1431.20,1118.07
P0A867,139.32,286.07,65.22,94.18
P26646,779.46,524.15,461.73,562.74
P0ACP7,408.58,628.16,575.72,1142.07
P0AA16,1327.16,564.18,1162.86,706.84
P07004,545.91,518.09,496.35,651.20
P0A9F3,432.83,482.31,523.58,587.67
P0AEI4,594.87,383.29,904.33,539.36
P0A6J8,995.43,187.93,1075.46,211.33
P0ADR8,350.16,200.98,379.86,316.98
P33940,264.70,164.43,482.94,326.29
P23830,384.85,168.83,330.74,266.76
P0AE78,327.36,247.58,170.18,150.24
P09323,774.51,94.83,974.79,309.17
P04335,122.02,104.35,171.38,109.73
P33232,1149.35,120.95,1606.22,119.16
P21420,199.13,106.78,25756.06,19471.57
P0A698,80.57,44.14,171.84,71.12
P23909,111.89,41.30,212.83,122.70
P50466,431.93,46.36,545.38,81.72
P05704,218.88,52.43,144.65,82.54
P0A7K2,111011.59,52210.81,137269.43,65852.35
P0A7R1,79941.16,37716.73,97503.95,49369.87
P0A7S9,67851.75,35917.87,85312.39,38627.58
P00448,27084.02,23525.85,28664.88,17197.03
P0A8B5,10724.34,7312.68,13531.78,10298.32
P45578,3338.05,4374.35,4328.76,5059.44
P0A7X3,12695.10,6032.80,15519.83,7455.69
P0AEK2,9219.82,4103.46,9318.10,5461.88
P0AAB6,3919.39,3734.68,452.68,351.83
P30125,228.53,3580.75,230.52,4732.32
P0ABD3,659.81,558.01,227.62,340.01
P0AEP3,3261.65,2233.01,3214.63,2495.34
P31057,1414.28,2236.94,1227.32,2175.19
P00888,284.80,1152.71,306.74,4336.17
P45577,3718.44,2290.12,4602.30,2783.69
P0A6R0,3149.81,1621.16,3291.33,1740.58
P04693,746.97,1999.34,671.84,1959.87
P0A6D3,445.07,1966.97,503.19,2132.10
P69797,1462.90,1236.83,1276.55,1948.34
P76372,1864.56,1470.35,1848.82,1396.17
P16703,277.40,1401.35,258.03,1605.82
P46130,1364.31,1160.08,1573.82,1463.78
P0AF08,2168.34,1317.85,2481.10,1399.80
P0AE18,1426.76,1282.65,1597.33,1132.37
P00904,52.24,630.13,57.69,1677.69
P60560,713.14,848.34,851.83,655.62
P75913,1170.63,1222.22,1031.47,1215.21
P23839,624.91,538.07,672.68,558.85
P09424,685.67,392.89,405.39,263.50
P16676,37.29,433.63,43.34,1234.01
P0AG14,370.56,448.81,390.71,569.80
P25522,363.25,367.37,427.94,454.25
P17952,525.46,348.02,729.26,587.01
P76268,653.72,416.47,670.41,571.71
P0A6V8,530.03,392.64,350.84,468.54
P69924,451.71,343.12,511.71,344.62
P22256,456.57,116.39,43.97,92.03
P00550,561.13,233.70,367.91,351.47
P0ABF6,3921.46,267.63,3386.32,203.76
P25519,373.69,231.98,450.70,485.20
P0A9K7,355.64,254.91,525.13,294.50
P37440,2090.97,267.94,1188.40,301.14
P0ACB0,236.39,180.04,258.50,213.24
P0AA39,217.17,136.59,180.97,111.96
P30744,2781.33,119.15,4291.22,107.61
P08331,523.52,111.40,288.23,121.79
P33235,422.77,323.11,341.46,471.15
P75864,119.38,42.98,238.66,117.82
P14175,1495.11,37.75,788.00,23.73
P69783,25767.43,30867.45,23748.07,32203.44
P0ACF8,38186.29,20993.53,41308.74,30497.03
P0A7W7,41458.10,17786.52,49099.66,25275.18
P0A7J7,34147.31,19411.27,38773.94,21815.27
P0A7A9,13172.67,10864.33,11977.46,9839.22
P0ADY3,14865.26,7473.78,20969.22,10125.41
P0AE52,5279.77,6572.88,5259.70,6789.79
P45523,9923.64,5624.32,12175.09,10051.21
P0ACJ0,2414.80,5582.85,2270.78,5925.87
P0ADN2,5025.95,4990.89,5722.49,4914.27
P63224,4125.48,2576.00,2900.14,2710.24
P0A9Q1,3937.10,2326.81,3715.05,2727.17
P37051,981.49,1735.44,1291.73,2185.84
P0AFM6,1134.48,1355.11,1305.10,1883.48
P30859,1516.62,1343.42,1233.55,1808.56
P0A7G2,2538.90,1545.90,2982.19,1661.02
P06721,112.40,1146.98,125.81,1093.35
P52697,1098.28,775.89,979.26,756.99
P0A9Q5,2245.24,1488.07,2578.21,2073.01
P0A8K1,1295.12,980.73,1635.90,1326.09
P0ADE6,248.55,535.67,161.58,285.34
P76316,520.07,1337.43,578.59,1233.18
P0A9W9,908.81,1166.29,930.12,1341.02
P33920,1264.75,1016.46,1189.91,1103.03
P0A9K3,1277.47,787.37,1135.80,769.37
P16456,1295.51,699.24,1029.95,560.03
P0AEG6,809.13,733.87,922.14,881.27
P37744,1200.55,688.01,111.05,107.35
P09030,742.74,576.82,757.33,597.20
P33570,57.38,201.08,101.32,70.38
P76015,705.59,300.28,488.26,262.90
P25437,1220.60,549.29,2396.65,838.79
P60390,409.09,332.70,456.07,462.59
P08192,500.22,341.22,531.28,330.10
P0A6C5,28.21,249.52,27.70,579.88
Q57261,341.84,268.10,510.42,387.90
P0A6I3,436.78,278.27,499.21,322.58
P0AG82,224.21,261.91,373.27,179.67
P0ACQ4,302.74,266.19,374.36,282.96
P22333,2126.86,262.04,2101.60,209.39
P0ACY3,11.47,58.29,6.55,40.48
P30871,236.82,177.53,277.34,350.84
P0AE12,118.66,147.16,152.28,161.15
P0A964,15537.14,12247.96,14744.10,16221.22
P0ABZ1,1733.67,1111.46,1690.70,1987.37
P05458,63.69,73.46,73.53,117.23
P03004,127.86,83.36,206.67,169.63
P28904,543.49,21.95,367.88,34.40
P77581,130.07,16.18,16.48,21.31
P13033,1237.78,62.43,159.24,36.77
P52612,124.55,64.72,201.46,216.01
P60624,108073.55,54811.29,142641.38,71612.03
P0A7R5,85249.82,41690.24,103231.55,53878.53
P0A9K9,36366.16,24109.74,37420.99,31382.71
P60723,44865.32,19216.26,52638.52,28662.26
P68919,38254.25,22536.07,47244.38,26462.24
P0A912,23065.69,21359.59,27966.02,25868.48
P30860,908.69,8938.00,940.02,12851.93
P0A8E7,8248.67,7524.87,7735.56,7039.05
P0ABA4,8153.14,5298.85,9881.93,6844.59
P0ACG1,2701.42,11813.29,3841.99,5369.97
P0A805,7015.46,4527.36,8951.36,5061.66
P0A8P3,5772.06,4877.15,6147.66,5730.04
P0ADW3,5365.50,4451.21,5906.06,4167.40
P0AEG4,3769.05,3799.07,3726.41,4701.51
P09551,914.31,3084.76,896.72,2869.80
P0A6W5,5523.13,3059.15,5410.17,3593.46
P0AB80,793.72,2201.99,1632.64,11240.21
P69407,2623.18,1971.89,2439.25,2549.80
P0AEZ9,1691.48,1781.53,1176.61,1107.76
P06986,122.78,1387.32,206.07,2364.92
P0A991,389.47,701.38,275.46,456.01
P0A7Z0,1565.32,1332.97,1646.58,1131.10
P24186,961.19,1639.37,930.81,1403.80
P0A7F6,1379.64,1479.83,1105.65,1568.84
P77211,249.01,1294.59,287.07,1954.37
P11446,89.44,1351.86,55.18,1492.31
P0A9M2,2601.65,1231.67,2622.38,1328.17
P0ADG4,2062.08,1208.14,3328.87,1340.74
P0ADV7,1701.93,1306.32,1535.38,925.28
P17993,1364.11,1038.75,1040.83,1132.19
P0AF28,1226.34,787.59,1363.19,808.98
P04425,1006.24,987.35,1127.25,980.90
P64604,1461.79,853.97,1364.26,932.83
P00909,46.01,620.13,101.04,1176.67
P0AFD1,4337.71,932.23,5493.88,1276.53
P30750,372.74,962.23,696.31,2784.65
P08622,1461.12,748.30,1508.92,1038.79
P29217,653.51,636.53,486.29,545.06
P31142,1959.49,241.67,1050.62,235.75
P23882,996.17,585.56,1440.60,756.04
P04951,822.60,663.13,796.98,659.37
P0ACA7,287.33,535.69,154.94,378.93
P05194,204.02,484.47,222.93,725.18
P37747,828.17,521.95,83.65,48.90
P12008,274.63,669.05,351.24,754.92
P36767,614.94,477.68,680.90,476.39
P0A8Y5,569.73,539.45,676.63,580.89
P63177,531.71,380.64,1019.12,811.36
P0ACB2,896.29,469.67,1089.81,454.06
P76536,878.26,439.34,761.09,579.19
P39172,390.58,372.43,526.61,377.18
P0A6T3,1821.08,423.12,1693.67,550.67
P67087,467.28,415.31,725.00,665.25
P77247,545.52,393.12,706.76,601.00
P0A7J0,1588.99,582.38,805.64,330.42
P61320,263.89,270.18,228.12,269.95
P0AF18,615.70,265.58,705.31,349.68
P24255,330.88,252.22,318.18,307.94
P0A9J6,605.74,96.09,2111.88,493.47
P0A9J0,148.74,189.10,169.13,220.73
P36929,453.42,178.78,567.09,214.34
P60752,227.84,82.87,256.27,192.01
P60340,289.22,130.79,419.47,189.57
P0A7I0,474.03,157.63,388.38,228.83
P24232,244.87,92.30,195.29,165.71
P14081,56.82,77.28,83.31,114.16
P0A8G3,166.15,72.73,153.88,129.63
P76010,1034.13,734.28,957.61,1192.68
P52647,96.52,37.95,148.38,66.17
P0ABF1,53.44,46.87,152.96,107.96
P77737,81.64,262.94,24.37,45.73
P05719,76.15,52.59,124.33,104.63
P61175,116027.26,53034.58,143531.28,78777.63
P0A917,24241.33,20496.57,30557.00,17440.88
P0AG44,40710.86,18702.85,60603.38,26653.15
P0A905,19205.39,13062.25,17351.10,12219.58
P0A6E6,14574.98,8897.63,18288.40,11430.28
P0AFH8,1382.83,2602.49,811.85,651.31
P0A6C8,76.76,5282.93,165.42,7072.51
P06988,617.10,2941.23,551.59,4214.56
P0AAX8,2493.61,3432.83,3474.21,3237.91
P0A8G6,496.58,745.64,201.42,490.89
P63020,5620.23,3380.67,5665.90,4560.29
P0A6N8,4182.26,3227.22,4574.25,3693.43
P07623,199.67,2117.13,184.52,1642.54
P0AFL3,1965.16,1565.73,2654.42,3051.43
P10371,408.52,1674.40,584.65,3709.17
P0A8X2,534.61,1375.32,728.45,2573.02
P08178,190.99,2001.47,205.02,3026.81
P04846,138.93,1567.78,196.99,1540.64
P45955,2079.02,1779.26,2535.23,2409.87
P62768,1415.51,1165.32,793.31,989.70
P31133,246.97,1371.74,235.93,1712.20
P0A9V1,1956.63,1407.10,2148.85,1796.49
P60664,249.12,1302.93,358.42,2130.45
P00894,112.28,1338.27,104.84,1357.30
P0AA43,1141.37,1199.31,912.08,842.41
P30178,222.40,1057.52,214.29,700.09
P0ABU5,2630.81,1255.64,2348.03,1267.80
P0AGJ5,1180.59,866.42,1492.04,1232.83
P0ADS6,843.76,654.62,627.23,380.59
P0A6K3,1855.10,839.21,3787.37,1816.18
P0AG78,58.58,637.51,59.32,520.51
P0ACZ8,61.52,600.15,49.07,1238.06
P0A6L9,940.84,608.62,1195.20,1038.33
P00861,52.90,901.21,121.26,1175.00
P06999,99.95,97.62,93.58,138.03
P0ACB7,258.95,522.17,366.04,241.26
P0A7X6,1342.88,633.67,1761.28,902.84
P30177,630.36,657.77,669.85,511.14
P25745,753.32,588.73,851.70,647.80
P0A8E1,718.98,588.53,614.11,437.55
P00547,245.92,843.83,197.38,830.73
P0A8I3,772.14,612.87,767.27,658.98
P0A794,917.87,600.92,763.68,672.75
P25714,1057.13,503.84,1370.71,811.54
P0ADT5,427.66,270.96,550.44,744.77
P77499,127.48,289.42,135.44,309.73
P12996,111.20,346.38,168.51,742.85
P22524,722.65,442.42,821.46,487.44
P07862,543.44,373.17,630.72,505.57
P37329,1394.67,637.75,1275.34,801.41
P10384,1809.87,349.66,2371.61,591.65
P0AG93,531.51,258.71,1188.79,1020.16
P0A7A2,463.16,321.77,610.62,440.10
P37349,227.47,238.03,285.41,211.83
P17117,743.46,284.68,927.63,294.12
P37634,451.35,276.07,708.28,316.60
P75876,449.75,299.97,517.29,349.50
P0ADI4,65.21,207.22,95.09,366.11
P77735,135.36,91.24,95.61,100.75
P37313,164.48,391.62,65.25,570.53
P0A6C1,337.55,212.65,389.83,297.50
P0A8F4,382.64,236.37,506.78,313.97
P0A6V1,126.23,168.44,76.25,182.29
P05852,334.60,188.03,337.75,228.77
P0A9C9,505.42,188.30,315.64,170.04
P13445,995.06,166.26,53.85,45.85
P37626,334.28,180.15,199.27,96.64
P0A9S7,12.22,194.06,20.02,282.47
P13024,504.36,137.14,549.14,162.57
P33030,203.65,96.05,388.07,160.27
P0A6U3,166.83,106.80,225.17,159.07
P20083,177.59,62.32,202.25,135.05
P60293,130.60,59.28,158.28,81.34
P39401,106.82,62.39,117.12,100.85
P0A8F8,50.06,41.56,55.61,36.72
P75937,1935.34,841.37,2195.66,960.19
P77611,82.16,45.89,122.52,82.17
P62558,52.43,52.09,829.11,657.30
P0AEM6,1399.87,1084.48,1039.35,1537.68
P0A7E3,48.59,38.31,571.40,567.73
P07604,51.33,30.42,58.66,50.71
P0AEC3,73.14,40.03,59.98,37.02
P02918,24.90,13.98,77.22,71.35
P43329,21.54,11.60,42.76,21.91
P0AAG8,124.47,8.13,79.58,29.54
P0AA10,53283.61,29578.14,68967.84,38655.19
P0A862,32210.70,29900.16,31007.95,34450.00
P0A763,15546.08,10559.93,20594.49,19037.48
P0A7M2,14118.15,8486.38,22489.51,15211.83
P61714,10850.58,9339.08,11740.42,10482.23
P0ABA0,10726.06,7005.07,12830.85,8437.35
P0AGK8,7445.86,5468.01,6644.48,13102.07
P69828,12276.77,4952.02,107.20,190.14
P0A7K6,12402.24,5981.93,24354.96,13160.90
P30126,205.07,6487.32,341.00,9202.35
P61517,2867.28,5015.24,3408.62,5875.08
P0A6Y1,3379.04,3161.74,3159.59,2564.06
P0AAI9,5551.01,2891.02,6373.80,2979.61
P0A908,4810.62,2791.37,7206.58,2840.19
P0ABD8,4769.60,2822.43,5727.09,3752.48
P0A9R4,6075.25,2731.90,5197.11,3135.29
P0ACY1,1973.52,2090.61,1931.36,1692.47
P77395,3601.56,2389.95,2630.61,2728.85
P39173,2536.38,2453.96,1826.67,1902.18
P0AF12,3054.48,2269.34,3301.23,2711.84
P39831,1794.85,1989.90,1182.74,1624.91
P0ADK0,1785.25,1152.99,2091.65,1442.51
P0AC59,405.27,942.58,445.78,649.85
P76576,2140.38,1226.88,2628.76,1654.89
P0AFU8,1226.47,1357.09,1122.88,1290.66
P0A8W8,1107.89,1192.66,1111.63,1316.62
P0AF24,1265.24,1124.97,1368.78,1189.07
P0AAC0,847.09,696.12,471.72,578.06
P60651,2080.93,993.89,1601.36,1151.97
P00935,111.20,715.86,41.20,594.24
P0AFM2,9797.81,483.42,5367.74,170.39
P75960,812.88,769.27,831.50,1008.89
P12281,510.41,676.48,523.38,547.28
P0ADF8,279.12,587.02,269.18,461.19
P22255,578.44,515.24,576.96,601.02
P0ABI8,1100.80,523.86,1642.32,884.92
P37760,1283.23,626.42,53.68,94.61
P0A8A0,1376.59,698.62,1253.41,770.68
P07639,552.61,561.28,574.68,846.09
P36649,118.27,494.27,110.60,620.55
P37665,1891.13,684.87,4378.32,1115.67
P75838,782.81,507.48,1279.29,941.37
P0A7Y0,713.16,637.36,1191.80,687.98
P68066,2318.54,641.11,721.45,1537.36
P42641,913.02,467.57,1155.58,603.85
P45799,484.33,511.55,665.26,704.91
P0A9L8,485.84,439.30,599.29,435.66
P30011,441.49,509.68,324.03,425.96
P0AFD6,1344.16,495.03,1847.57,764.79
P08390,439.45,372.21,664.52,465.07
P0ABH0,389.16,344.50,472.48,449.49
P0ADT8,448.33,347.70,278.30,469.79
P0AEN1,864.21,456.99,841.51,557.91
P0AG80,55.65,387.35,47.83,291.04
P67080,587.05,409.04,694.83,474.82
P77444,133.68,291.01,100.94,256.08
P0A988,519.61,324.53,554.97,339.67
P11458,33.80,350.80,34.17,383.38
P11880,371.61,388.82,593.56,495.86
P37773,514.70,341.29,536.04,330.43
P0A8V6,568.46,360.30,565.23,449.86
P69874,345.29,302.96,392.26,305.50
P09053,156.10,385.38,192.34,298.79
P0AD12,151.32,220.43,137.72,196.00
P39286,315.27,216.24,186.14,221.61
Q46857,244.73,127.63,358.19,67.25
P77522,54.62,180.77,70.66,198.20
P75863,279.15,246.65,106.77,170.59
P69805,110.77,111.32,176.72,398.31
P39377,397.11,189.73,584.14,405.07
P32695,264.00,147.29,292.71,149.96
P77689,29.25,111.42,36.24,126.71
P07913,2391.06,118.78,1509.90,177.56
P07109,17.53,183.72,34.68,462.72
P0A9G8,298.98,170.08,316.71,219.33
P0AAG0,85.02,269.94,28.14,258.66
P77258,215.89,109.06,220.43,152.10
P0AEW6,245.37,139.00,322.40,178.98
P23827,2140.80,65.57,2487.21,67.27
P0AED7,140.11,104.08,283.02,222.04
P0AAH0,154.83,96.52,252.47,104.90
P13979,157.14,100.21,7642.68,6639.03
P18956,85.43,30.44,77.07,35.10
P08194,999.81,50.81,510.14,52.83
P0A761,2024.61,48.56,2795.37,97.23
P76027,172.65,493.55,70.02,105.61
P25888,78.55,27.46,127.60,72.85
P45425,1094.30,76.77,1601.77,61.44
Q47146,30.33,3.57,15.84,19.03
P46889,35.34,14.04,72.03,77.29
P29744,369.76,322.87,1217.80,819.42
P24216,111.40,77.59,277.67,332.32
P0A996,199.43,10.66,35.49,8.07
P07330,203.08,104.08,222.49,157.16
P0A7U3,42645.43,24670.48,54778.20,33447.92
P0A7F3,349.10,21226.63,286.82,697.58
P0AG86,27552.82,12363.27,22808.89,13361.67
P0ACD4,8454.98,8062.61,8358.63,10224.07
P61949,11323.11,7830.55,11618.23,8444.81
P0A800,13336.06,8515.53,15036.73,10536.92
P0A7M9,44768.56,10399.33,29344.93,9350.07
P0AEU7,11332.51,9611.78,12511.18,8695.41
P02413,17570.10,6473.81,31618.99,16988.94
P69222,9654.39,6477.63,12186.15,6663.75
P0A9A9,7224.92,4380.69,7805.69,5300.17
P37188,12599.18,3668.18,759.31,2967.45
P0AFP6,3434.68,3861.40,2368.78,2613.20
P0A9L3,7089.30,4032.96,6776.76,4967.29
P0AGD3,16898.12,5516.05,14162.77,7398.47
P0A9M5,4071.12,3099.91,6131.76,4268.17
P0AGE0,6951.67,3740.02,8863.98,4059.65
P69503,3952.39,2473.27,4318.22,3164.69
P0A998,5313.34,2435.06,3606.34,3327.77
P0A734,3720.07,1845.75,3042.58,2122.01
P24251,240.37,136.40,2117.92,1734.05
P0AFY8,3386.89,1886.84,4251.15,2324.63
P31063,1433.08,1396.70,1447.70,1528.37
P39199,1141.90,1111.46,1198.42,1052.40
P65556,1861.35,1434.84,2213.69,1422.71
P09158,724.55,1276.26,814.10,843.95
P27434,1276.85,946.97,1491.98,1404.83
P0A6P7,1549.52,1132.92,1375.15,984.39
P0A6I0,1608.17,856.70,1870.56,933.19
P0ACR9,1005.82,900.69,993.96,1159.12
P0ABU7,704.73,1014.64,1487.34,1453.76
P0AE88,721.43,714.65,788.65,908.73
P0A8H6,1167.69,900.46,1771.88,1262.55
P0A780,1489.26,898.29,2384.91,1580.13
P0A746,1093.92,636.34,897.29,648.55
P0A9E5,1951.81,881.71,1898.14,1339.61
P64451,406.13,407.65,268.72,309.90
P0A7E9,502.50,660.18,823.14,429.49
Q46845,246.97,406.17,105.56,281.32
P0A7C2,746.28,602.30,783.76,832.67
P28304,322.00,345.84,206.88,272.99
P0A9D2,353.72,553.25,300.46,441.10
P0AD05,416.96,542.46,403.64,448.39
P69425,1112.17,687.30,1258.74,783.57
P0ABV2,478.27,694.99,683.97,690.64
P0AEY5,562.56,596.68,589.19,447.46
P0A8S1,289.29,529.72,258.63,522.35
P0ADU2,652.33,588.79,508.05,447.34
P39177,891.66,387.50,795.44,278.37
P75957,636.11,446.00,523.58,597.02
P0A7F9,607.29,358.20,911.79,550.33
P0A8W5,463.18,339.75,481.12,330.06
P33643,270.65,203.32,264.43,175.48
P09029,90.48,298.27,38.09,547.48
P37749,598.43,376.74,53.43,33.20
P45395,238.82,285.96,274.83,348.90
P69831,10.38,5.49,25.31,10.89
P76055,418.58,389.36,500.62,510.56
P27848,440.46,311.87,419.30,283.42
P0A6S7,765.67,302.11,841.15,422.06
P07024,165.36,208.70,158.55,184.42
P39406,324.81,227.54,344.93,269.45
P0A8T1,413.02,184.27,824.98,406.28
P75823,381.09,261.40,307.06,247.07
P31060,25.85,188.79,52.62,214.25
P15047,40.80,186.31,109.77,276.53
P0AFB8,94.70,185.27,93.38,194.67
P06983,356.15,216.22,464.39,243.29
P29131,225.79,146.58,253.91,184.69
P0AES0,65.39,143.62,48.44,116.38
P24203,286.35,119.93,383.45,157.54
P36548,168.04,105.42,196.67,209.21
P0A894,108.89,132.90,130.59,174.34
P00803,128.70,76.73,207.35,166.77
P27828,138.04,106.38,250.49,167.62
P0A821,32.52,105.34,62.79,172.37
P19926,505.00,86.11,140.15,63.31
P27829,251.29,93.18,344.51,172.30
P69811,286.58,110.47,254.83,115.97
P00892,17.43,63.49,103.89,1187.53
P07003,5.38,26.19,3.74,10.31
P32131,113.91,104.44,180.76,155.76
P10378,20.71,79.77,61.47,203.56
P39342,17.19,30.20,17.07,39.03
P0ABB8,159.13,60.61,105.90,21.05
P0ABX8,1130.64,712.37,1081.35,920.36
P77552,181.06,36.50,123.15,34.95
P24554,54.38,47.14,105.21,134.55
P02919,67.47,39.11,118.31,120.91
P69451,81.58,41.12,103.21,51.89
P23886,80.89,39.24,91.80,110.19
P41409,691.66,41.86,380.34,80.84
P24202,111.43,66.53,132.91,92.62
P21169,32.38,53.36,17.92,94.18
P0AC47,1008.75,128.91,432.36,45.19
P22564,1084.07,46.11,562.01,114.91
P0AE82,38.78,32.81,42.11,68.39
P0C058,539.59,25.87,58.03,19.73
P37617,70.51,15.68,65.36,14.69
P10030,15.26,11.08,411.65,327.19
P31828,9.34,15.88,18.07,16.77
P0AG24,18.13,10.07,40.31,31.10
Q9JMR6,20.66,14.15,294.15,249.22
P39325,69.46,16.64,19.21,32.99
P39396,319.22,14.08,544.27,43.45
P76621,111.44,11.18,62.36,8.33
P69776,55326.73,50175.44,55956.55,47575.10
P0AED0,32953.58,36295.26,16451.17,17740.05
P77214,467.26,25403.64,474.30,48889.76
P68679,63839.17,29336.86,76766.86,37106.62
P0AA25,25130.93,23955.59,29577.38,26581.13
P0A6N4,26803.84,17333.46,37515.43,20418.32
P0A6F9,31514.06,15451.43,27898.32,18708.40
P0AG51,20735.28,11381.44,28624.04,13898.88
P0AG48,14092.94,7433.58,23664.24,11905.65
P0AF93,7621.29,6927.99,9182.32,2105.65
P0A6Q6,7145.35,4192.97,6360.99,4756.80
P0A6X7,3726.00,3470.07,3425.74,3280.43
P0A7S3,6946.82,3958.18,8423.49,5783.79
P0ACX3,1929.73,2831.11,1073.22,1567.38
P0ADP9,3015.15,3154.08,3744.95,3578.00
P69428,3276.97,2625.67,4404.92,2925.60
P0AG27,3583.56,2059.74,4003.12,2277.80
P0A8A2,3210.27,1860.94,4417.54,2298.51
P41407,785.93,1685.57,583.51,1664.28
P0A6Q3,2064.06,805.87,1370.92,706.25
P0A6X3,2329.69,1643.26,1620.67,1405.61
P60595,374.24,1274.45,339.62,2212.46
P75874,1053.93,1004.34,939.95,998.26
P77529,129.16,895.56,220.86,2511.18
P23869,1793.50,1631.53,2049.07,1378.91
Q46868,981.32,932.40,1077.99,1405.32
P0AFV4,59.29,1232.59,26.15,1345.48
P77625,1317.11,1044.21,1603.69,2059.36
P0ADV1,1256.09,926.44,1415.65,933.31
P0A6E1,242.15,909.17,266.04,1852.25
P0A8U6,976.74,920.63,1184.81,879.21
P27431,724.60,664.00,655.13,768.33
P0AAR3,828.16,696.73,951.14,700.66
P0AE67,24745.12,15096.73,23534.51,16762.62
P60546,919.95,508.20,1078.74,508.02
P0AD10,1370.51,824.43,1877.54,1604.91
P0A7D1,887.12,606.22,1299.99,653.58
P0A884,975.29,558.05,1453.28,1087.84
P0A784,622.78,511.92,644.27,479.31
P76113,91.90,116.13,28.07,38.31
P0AGA2,633.17,322.76,1141.72,656.35
P45579,15.00,273.86,21.02,411.32
P0C054,1980.92,366.12,654.07,336.18
P25894,516.64,299.29,410.73,308.89
P0ADC1,424.69,311.83,624.69,524.96
P0AEQ1,3612.29,142.18,292.52,164.23
P0ACU7,167.53,202.27,143.93,197.91
P33362,37.53,67.86,10.39,25.85
P21829,477.47,332.28,580.93,448.35
P77754,121.85,237.70,77.58,661.71
P0AFI7,205.06,292.81,151.27,268.13
P62623,589.70,220.22,741.87,409.16
P00887,126.08,246.58,154.60,277.99
P0A6U5,329.75,238.77,555.49,290.73
P0A6U8,97.90,118.80,92.77,261.60
P15770,251.15,234.31,339.75,334.97
P0A8X0,349.78,195.64,520.64,284.76
P06992,370.93,196.79,463.14,246.77
P29745,122.45,149.52,97.44,90.93
P0AC13,344.94,245.99,382.38,181.01
P31808,172.69,166.55,213.90,227.26
Q46920,232.30,162.88,344.57,240.67
P69228,95.34,150.17,99.53,157.94
P0ADS9,182.90,127.10,275.54,160.05
P75736,194.52,351.43,230.70,348.29
P0ADA3,154.37,130.76,197.73,145.02
P77544,9.89,74.77,10.14,37.91
P0ABQ0,215.95,100.08,372.35,235.83
P25906,116.94,64.25,41.32,49.95
D0EX67,194.96,117.01,254.55,180.96
P37005,197.28,119.35,236.72,133.71
P24188,121.82,126.67,228.90,213.08
P0A725,75.22,76.84,92.08,95.80
P0AFF2,397.79,86.61,1080.89,354.68
P0AB43,118.89,92.69,108.49,160.01
P64588,145.06,123.06,180.03,146.17
P37648,170.51,106.85,271.63,159.19
P75914,124.58,125.47,120.19,128.04
P22731,34.19,178.64,23.13,137.75
P66948,107.45,115.95,65.59,124.32
P0AED5,166.25,116.38,226.59,207.14
P0ACP1,158.58,92.50,172.49,175.59
P77485,11.60,72.37,14.21,190.70
P17443,83.66,69.23,158.11,144.70
P32684,116.05,90.61,187.35,240.91
Q5H777,27.40,113.74,8.05,50.32
P76298,141.36,127.22,251.42,293.16
P0AAD6,2031.20,71.26,3600.89,99.85
P40120,74.26,64.34,70.04,136.67
P27303,109.03,73.87,186.51,104.38
P10902,53.78,95.15,57.79,93.55
P0A9B6,88.66,108.72,97.09,99.29
P21151,308.85,20.71,105.09,58.37
P22634,120.11,71.33,147.97,77.37
P0AE22,2449.59,50.12,1035.60,53.82
P05637,61.44,44.40,81.11,58.40
P0AC86,23.20,47.93,17.06,53.33
P39838,36.09,27.19,38.13,45.65
P76535,137.69,29.79,94.93,54.13
P39371,137.98,9.79,95.95,21.79
P23871,69.89,27.50,161.14,73.56
P37177,26.55,27.46,20.00,32.17
P05706,2131.77,62.62,681.77,34.01
P37646,287.79,189.48,484.65,239.43
P36928,34.77,30.28,124.35,55.11
P29012,449.14,20.93,318.58,41.00
P0AF06,206.15,107.85,235.99,162.85
P21514,281.95,26.30,51.54,12.95
P75682,355.11,17.18,2.62,5.75
P0AAJ5,410.75,15.24,290.28,17.02
P31068,403.64,216.77,388.14,354.26
P39267,197.11,146.15,259.56,178.97
P00805,56.50,14.48,70.58,22.84
P77674,16.37,3.35,5.07,5.37
P16869,1.77,12.24,3.67,29.36
P0ACF0,299798.16,167069.67,311206.63,189518.89
P0A7T3,146097.83,71959.55,173697.02,96388.25
P0ACF4,68151.32,52363.75,70925.40,57528.54
P0ADZ4,80524.35,43051.86,79575.07,54061.01
P0ADY7,80303.03,36202.90,129728.44,64602.86
P0A7U7,57237.38,31221.87,78403.63,44365.77
P0A972,38897.08,17923.19,46249.47,25445.51
P0A7R9,17867.74,9499.67,26385.96,13018.26
P64581,3493.70,3674.35,2750.86,2702.31
P0A6G7,9080.41,6694.61,7578.50,6980.87
P0AF36,12348.96,7811.50,10058.90,7622.01
P0C018,11542.06,6130.63,13766.36,7932.15
P0AC69,6033.71,6278.55,6343.50,5244.02
P0C0L2,1330.35,2530.93,762.60,708.44
P25738,614.30,1113.09,646.95,537.32
P0A8J4,10791.25,5152.14,8302.82,7996.02
P0A955,3858.13,3058.95,3351.77,3399.27
P0A7L3,6378.70,2543.38,14556.85,7868.92
P0AG18,313.55,2595.40,447.24,3445.82
P0ADB1,995.47,1126.69,750.37,422.86
P0ADA5,3157.74,2225.68,2661.89,2481.92
P0AEB7,1771.40,1831.78,1463.11,1822.15
P0AD49,7208.76,1568.13,4155.41,2002.23
P0AAC8,2139.61,1193.15,2148.51,2081.02
P0AC81,1504.28,1253.23,1726.71,1774.69
P33219,141.05,262.59,31.90,100.59
P0ADU5,396.01,169.60,273.50,121.16
P0A927,7632.40,1348.47,8521.48,1428.60
P0A9L5,2021.49,1271.42,2505.81,1712.59
P00960,1877.02,1183.01,1783.54,1358.51
P62617,1579.85,916.06,1771.75,1157.21
P0AGE6,1085.88,833.82,712.29,571.16
P77173,1284.69,986.73,1636.78,1235.90
P76270,679.79,790.73,547.02,744.12
P0A968,11003.23,994.51,1436.76,908.47
P0A6J1,82.43,656.85,186.98,954.42
P21367,97.58,130.99,55.54,118.89
P64596,926.69,757.10,643.58,645.73
P0A8A8,1255.54,730.61,1518.01,921.03
P0C0S1,146.11,173.09,272.96,279.44
P0AFR4,837.15,519.50,1016.97,533.54
P32662,766.15,649.89,994.83,720.83
P04391,39.16,601.17,29.42,417.38
P06610,300.90,333.26,297.72,282.72
P69829,793.06,612.74,953.19,681.41
P0A744,290.37,414.74,233.63,295.79
P64534,824.58,500.67,1376.03,622.79
P64530,86.21,421.59,91.43,430.15
P0AAF6,613.47,381.12,629.44,821.66
P52061,665.94,427.27,877.72,663.96
P0ACP5,823.63,716.43,750.37,587.09
P10346,633.15,508.80,310.71,733.39
P37647,1381.28,580.85,787.53,398.59
P37643,66.22,410.06,117.65,976.50
P0A7B8,1134.61,406.62,1239.92,648.32
P0AFZ3,804.97,433.85,1151.49,540.99
P45748,573.42,371.91,843.50,654.06
P13000,38.99,285.49,16.93,172.68
P0AE01,770.05,390.03,884.16,535.67
P0AE85,61.84,172.22,64.15,424.77
P65870,690.10,338.95,936.24,306.02
P0C0L7,198.24,247.81,205.41,134.38
P76002,123.27,194.47,163.99,164.26
P76506,639.71,318.83,632.12,268.91
P0A738,162.15,186.86,257.54,182.68
P03841,1613.82,334.24,59.03,71.90
P0AFC7,921.14,225.71,1149.88,378.62
P0ABJ9,534.40,190.76,765.52,344.26
P0A9F1,244.50,254.64,292.52,270.69
P0A9R7,211.73,203.47,346.94,380.42
P0AFX4,176.72,205.36,184.21,216.69
P0A8A4,319.65,228.10,276.58,222.27
P0AET8,122.43,78.35,70.40,55.12
P46853,197.29,138.58,186.49,175.86
P0A832,258.37,195.20,272.71,222.97
P61316,318.42,210.28,331.48,196.61
P0AFJ7,187.73,160.47,326.63,313.52
Q93K97,252.07,252.40,328.01,355.99
P0AGB0,191.42,214.26,308.42,399.34
D9IX93,49.50,189.69,30.38,181.34
P39310,200.23,202.91,164.39,164.52
P62615,143.63,181.51,197.39,241.31
P45424,1254.36,212.29,1851.23,138.74
P0ADV5,257.93,128.13,252.47,106.83
P0ADP0,124.39,167.82,112.86,167.87
P17445,207.78,100.25,272.66,100.62
P64554,340.11,148.69,499.80,224.79
P77475,433.71,166.62,367.83,296.85
P0A9T4,122.81,110.60,67.69,79.04
P52108,208.56,202.74,150.68,236.52
P0A9H1,136.09,133.27,124.57,127.78
P25397,105.95,152.42,71.29,76.12
P0ABU9,152.86,101.05,258.38,311.78
P23003,216.23,136.46,223.32,135.09
P19624,155.88,120.56,121.04,110.73
P0A935,324.11,126.97,322.24,189.45
P76290,165.69,135.78,277.58,184.73
P0AAB4,364.97,108.47,421.78,209.44
P0AF03,386.24,154.73,397.33,193.50
P31802,397.05,142.42,422.95,200.39
P04982,382.97,106.92,1684.71,913.87
P14900,181.60,122.83,214.55,160.19
P76491,109.63,117.05,102.29,155.99
P21645,204.87,146.21,301.00,160.62
P37765,285.71,112.26,266.78,157.79
P0A812,120.01,79.84,166.14,182.79
P0AG00,237.16,91.45,199.84,156.68
P0ADQ2,118.72,90.89,71.13,66.80
P0ADP2,112.85,109.03,284.22,176.15
P0AEL6,45.95,74.44,84.89,144.66
P27249,172.08,91.77,226.44,119.45
P0A873,197.39,98.85,316.46,125.12
P77434,98.47,79.51,110.94,104.70
P0A951,75.20,83.01,125.12,114.63
P0AEM4,871.80,889.15,383.75,1206.91
P0A6G3,114.46,82.34,76.73,108.21
P0AC30,80.11,70.24,147.99,137.99
P0ACI0,66.98,59.84,66.33,52.74
P23883,8.06,105.77,15.18,21.59
P46852,56.46,85.39,43.34,53.89
P76034,112.55,94.45,126.25,167.36
P77808,121.81,96.58,165.50,109.25
P36879,128.15,61.94,166.76,89.61
P26612,24.06,26.44,10.59,17.31
P0AF20,122.39,80.58,117.95,93.54
P20099,227.06,80.23,180.95,78.96
P76397,25.19,46.20,15.79,67.40
P0A9S3,131.76,45.00,33.88,39.39
P42596,110.90,37.25,269.38,93.67
P77348,128.60,37.65,107.08,43.17
P77150,171.61,71.35,178.51,87.71
P40191,117.95,50.73,62.56,40.62
P0AFQ7,36.07,31.76,65.06,51.50
P0AG20,37.46,25.22,73.62,51.55
P22939,71.94,43.35,49.15,35.72
P0ADF6,30.83,61.63,28.28,141.22
P21893,34.81,25.26,68.25,50.55
P09148,199.68,27.24,263.45,73.89
P12998,4.90,32.12,3.20,27.90
P27830,104.72,40.30,119.99,47.34
P29018,43.13,19.27,50.28,75.66
Q46851,139.35,19.77,66.23,41.69
P62517,30.03,30.37,36.10,41.10
P0CB39,35.79,25.21,63.52,61.00
P37690,34.24,21.40,48.28,36.06
P17115,85.69,27.28,48.91,35.25
P0A6S0,1027.12,733.97,622.56,747.85
P0AGI8,40.75,9.38,97.58,41.18
P0A7B1,8.96,9.59,22.82,27.76
P39265,177.90,21.25,145.79,27.54
P0A830,326.11,28.29,238.18,16.61
P75829,32.22,15.89,80.99,43.20
P06710,21.19,14.58,33.90,24.72
P42626,46.78,12.79,67.82,22.01
P42593,23.62,9.40,20.36,9.62
P77182,14.40,7.99,19.21,15.52
P39829,284.29,15.25,43.76,9.32
P27242,40.28,8.92,90.89,39.55
P07363,108.97,90.02,118.30,108.15
P76578,5.28,3.24,6.40,4.85
P0A9S1,139.79,12.89,34.82,12.17
P62556,14.16,8.63,295.85,218.58
P06282,31.40,6.76,34.74,11.85
P76503,9.82,0.67,3.37,2.49
P76104,21.57,1.99,25.29,3.80
P11349,13.00,3.54,5.70,1.73
P96329,2.34,0.80,19.94,12.77
P69922,21.18,1.23,12.27,0.75
P0A9Y6,113886.94,63828.39,67473.63,57451.65
P0A7M6,102332.12,46878.64,122744.84,57324.86
P0A7N4,66990.39,30574.44,80931.96,43635.82
P0A6A8,53954.99,32759.84,41076.93,26325.57
P0A7T7,54793.67,30457.08,68807.93,38157.69
P0AA04,16004.94,22357.98,16645.57,26338.21
P0A7L8,50679.38,23050.93,65564.94,33719.71
P0A7N9,34276.12,18937.68,47551.50,25591.70
P0AG59,20282.16,9684.63,23956.29,11693.09
P75694,630.15,975.82,188.84,356.90
P0AG63,17289.24,6301.03,12902.92,4744.31
P0AC62,5733.00,4244.46,6941.05,3580.72
P69913,2915.24,1789.55,2890.76,2669.95
P76569,2336.09,2284.76,1979.00,3572.22
P0AB14,1256.83,651.90,260.28,374.97
P0AFX0,1520.61,2121.70,959.57,1281.96
P0ADZ0,3464.79,1589.24,4889.53,2482.76
P0ACE7,2080.80,1659.59,2916.62,2249.05
P06989,317.35,1469.07,391.23,2541.12
P64506,1456.60,1319.49,1275.96,1405.48
P0AB52,2320.65,1551.90,1825.86,1778.61
P0AGJ7,209.46,1311.63,214.87,737.03
P0AD59,460.90,1031.63,279.69,582.55
P0AC55,31.10,1071.54,36.06,447.46
P0A9Z1,1377.11,1197.69,1317.68,1057.20
P0AB28,1332.30,968.48,1496.67,923.20
P64540,1446.58,1273.22,1910.92,2814.36
P0AF67,652.82,674.66,1018.46,933.92
P0A722,1120.60,790.14,1577.48,1269.06
P0AB38,435.58,625.72,1080.24,741.18
P0A8R0,686.24,683.92,720.93,767.38
P75849,546.46,551.23,440.32,543.45
P67095,841.04,622.08,953.46,580.58
P75915,627.04,596.71,722.24,793.29
P0ABE2,485.88,399.08,577.16,252.54
P23894,792.73,600.98,864.90,1057.59
P0ABU0,631.19,432.96,609.95,496.21
P52643,594.85,421.66,607.41,561.92
P0AB26,680.75,386.09,837.12,389.14
P30749,522.75,349.24,507.11,341.70
P32664,676.67,425.80,955.87,591.27
P0ADX1,357.50,551.11,269.76,398.41
P0A8W2,347.87,402.38,556.15,488.69
P0A962,414.08,358.06,363.47,380.19
P0AEM0,748.91,456.97,763.00,445.57
P0ACA1,179.57,246.12,180.59,293.92
P0A8I5,704.71,371.49,924.89,498.87
P0AAS7,274.85,355.83,319.58,365.24
P0AF50,444.00,382.54,349.98,313.63
P37745,870.34,446.44,5.28,31.39
P0ACE3,276.12,334.29,357.28,474.90
P31658,110.69,113.73,55.26,51.73
P67603,479.98,383.88,669.20,461.66
P0AGG8,267.17,199.98,275.76,234.13
P0AGB6,307.90,303.31,396.71,407.61
P36680,369.86,285.63,593.73,429.02
P63228,275.57,286.45,247.99,201.52
P0A759,667.09,180.62,733.54,217.00
P0AGG2,224.06,127.43,214.58,121.34
P10100,272.10,243.32,263.46,262.52
P76193,25.92,88.67,18.39,70.45
P64483,314.12,408.84,231.34,195.88
P08179,56.19,144.90,75.15,459.01
P0A729,159.02,209.40,42.24,80.48
P0A7I7,339.06,195.94,421.55,233.53
P0AC84,238.40,203.60,186.58,170.32
P76187,289.56,175.97,180.91,169.20
P0ABQ4,386.66,248.95,404.03,296.01
P77756,397.70,250.32,282.16,246.08
P0AAT9,86.13,82.75,60.72,72.61
P0C0R7,455.80,215.00,547.59,381.45
Q47150,279.95,247.74,257.52,227.42
P0ABI4,279.69,130.20,458.27,209.55
P64455,286.85,273.76,312.77,190.63
P0C079,240.16,185.39,320.07,214.25
P39315,80.18,84.21,104.41,133.16
P34209,129.97,161.57,93.04,216.42
P0AGL7,192.97,194.46,285.45,220.93
P0A8W0,216.45,166.39,246.95,194.26
P0A720,199.27,146.47,112.33,184.85
P0A8D0,183.22,139.14,190.56,161.17
P0A7A5,194.29,178.93,229.50,153.32
P32680,274.87,187.65,333.29,189.85
P0ADA1,135.47,173.62,80.16,108.69
P76243,37.00,103.68,55.11,76.96
P0AGF2,148.72,141.12,196.63,190.22
P12995,22.11,118.57,23.56,103.84
P02929,90.97,120.22,175.09,209.49
P77202,160.05,116.25,313.80,190.30
P27838,217.53,161.44,364.32,301.82
P15078,364.17,83.02,89.11,224.19
P0ACN4,111.17,125.20,110.41,158.92
P25536,106.87,106.86,154.18,119.28
P76108,112.19,110.78,160.74,149.93
P64429,87.81,78.35,136.17,118.33
P0AFD4,179.64,41.22,473.52,180.88
P0AA91,112.61,89.59,142.95,108.65
P0AG40,117.39,92.52,145.72,120.04
P0ADT2,138.10,120.10,221.83,120.77
P0AEX5,88.70,100.98,57.75,123.20
P31455,49.80,73.68,48.33,81.34
P06616,171.76,97.93,244.83,126.40
P0A8I1,104.99,76.12,119.86,84.31
P0A959,54.81,100.72,78.04,128.26
P77791,435.09,47.31,404.91,72.68
P12295,121.37,89.72,105.17,100.18
P67826,91.39,68.35,85.86,73.57
P0AFX9,72.94,80.34,58.79,72.02
P0ACB4,88.06,56.95,130.14,76.90
Q47147,67.91,68.56,70.40,74.09
P0AFJ1,226.70,98.88,227.59,66.89
P76014,48.33,38.06,40.60,22.95
P0AFH6,93.21,447.18,20.85,43.10
P0AFB5,10.21,54.17,9.65,48.79
P76550,148.29,71.86,113.54,69.42
P08373,50.72,55.97,103.01,54.27
P77775,43.53,38.90,31.25,41.89
P77293,122.46,37.38,133.65,136.92
P31134,4.45,42.63,1.51,263.17
P39280,61.74,55.04,59.49,54.25
P0A8I8,90.78,54.02,120.34,79.47
P0CE60,139.99,91.11,48.31,26.53
P75777,74.80,38.89,46.80,39.50
P24205,59.08,30.30,90.74,57.22
P0AEA8,52.13,41.79,66.72,83.55
P43671,79.09,31.76,148.77,88.57
P0ACR4,54.48,35.33,68.24,31.68
P45800,66.42,34.77,112.25,80.58
P36999,67.07,38.53,57.70,50.32
P0ABW9,207.01,128.35,586.37,363.57
P16926,62.47,44.30,49.98,45.47
P60720,45.72,45.35,62.70,50.83
P37751,60.75,30.77,7.12,10.24
P64612,26.05,31.41,56.84,57.45
P64636,93.11,44.22,102.61,83.95
P46118,112.78,38.37,79.00,50.41
P07364,121.00,66.97,187.17,168.87
P76291,58.38,32.69,120.97,60.81
P20966,60.46,14.26,131.75,49.97
P37692,76.44,44.31,89.08,37.67
P08395,26.34,16.02,42.71,54.35
P75954,21.64,24.43,40.74,148.96
P07762,21.20,26.04,20.65,25.85
P0A9S5,118.85,56.04,23.35,11.22
P62554,148.38,25.99,552.96,592.51
P75936,2367.15,720.16,1800.53,877.12
P0A6S3,43.48,14.68,58.02,48.75
P39160,151.51,22.61,98.81,35.11
P75867,86.08,32.10,85.01,54.27
P10441,49.47,24.24,43.49,27.97
P0CG19,47.78,27.68,148.30,102.48
P23522,667.20,29.24,206.02,24.97
P24178,64.96,19.57,77.58,20.38
P0ABX5,574.96,251.43,688.74,381.56
P16095,144.80,18.63,191.05,21.49
P0AFL6,13.08,8.27,18.91,18.23
P15028,453.86,19.45,875.11,23.63
P76115,30.78,7.95,86.21,10.03
P39187,168.61,11.23,199.61,15.48
P39452,12.06,9.27,8.45,28.17
P39321,14.65,8.19,29.94,14.28
P06993,8.40,4.55,8.48,12.57
P77338,9.15,5.12,12.17,10.23
P0AES2,60.05,2.64,6.28,3.14
Q46939,15.89,2.23,23.69,6.05
P0AC05,63.40,34.73,96.54,87.98
P0ADZ7,8049.10,6020.78,7649.11,6684.91
P77717,766.04,1322.25,454.62,423.16
P0ACC3,4071.71,3626.07,4862.72,4203.09
P0A6R3,6333.58,3219.83,12406.57,4499.99
P0A9X9,4966.85,1853.83,5815.96,1998.08
P0ADN6,2755.67,2324.84,1975.95,1915.34
P77330,4270.96,3552.11,21239.56,17849.37
P0AF90,1468.33,2194.93,1708.55,2038.38
P37128,4465.30,2569.64,6057.87,2915.95
P0AG99,3344.10,2170.94,3738.95,2554.73
P77695,2895.27,2007.08,2767.92,3119.77
P0AAZ7,520.25,1661.03,1697.45,1520.12
P0AAN9,1580.88,1118.95,381.99,584.00
P0AE48,1735.52,1273.70,2592.86,1843.99
P0AFW8,1224.73,926.14,1038.72,831.10
P0A742,705.84,680.03,918.52,510.46
P30748,1074.76,1026.60,1181.20,1037.60
P0A8C4,1779.91,1167.97,1391.85,875.73
P0AC19,1042.09,848.96,1213.61,977.49
P0ADK8,1134.81,1078.60,814.81,777.30
P75818,442.90,360.96,210.97,232.16
P0A8K5,566.40,506.39,578.48,380.20
P0ADS2,1088.27,619.98,1235.84,743.71
P37903,1087.29,306.37,445.10,490.08
P63417,938.33,461.60,946.82,532.64
P28248,581.40,489.05,608.09,547.72
P31547,171.62,354.57,445.09,1879.84
P0AFZ1,544.24,409.14,652.16,485.39
P23857,6603.64,489.97,2431.95,587.31
P76170,594.62,487.72,686.41,492.13
P0AD24,712.74,307.42,630.71,343.76
P64499,411.81,479.18,612.03,622.08
P06960,21.21,407.76,21.11,17.31
P0AFW4,946.09,237.10,897.90,462.82
P0AAT6,715.58,330.29,971.87,528.95
P0AAP3,380.55,245.14,863.75,390.81
P0A9D4,337.57,261.78,318.67,448.04
P0AFC3,789.45,248.27,1635.27,582.28
P37774,102.38,338.55,142.35,436.94
P69423,618.98,315.43,694.50,484.15
P64602,432.55,158.03,246.03,240.55
P76537,168.93,189.29,173.90,274.49
P0AAN5,29.82,61.49,52.34,66.23
P43533,1254.40,1213.30,1532.31,1416.90
P0A7Y8,373.62,165.47,372.62,240.28
Q46871,101.23,162.19,138.57,159.38
P15993,24.16,144.15,19.35,323.58
P18196,130.54,139.20,167.25,167.53
P0A8B2,230.89,142.63,214.31,172.36
P37757,104.64,122.41,80.36,164.08
P0A840,226.80,99.88,243.39,179.62
P0A9H5,951.90,214.68,412.42,417.15
P23917,119.63,89.38,116.23,108.16
P23331,203.07,112.29,202.57,129.49
P0AFB1,126.96,123.95,145.25,153.60
P77279,219.45,87.46,225.48,95.21
P66817,160.27,92.94,191.84,118.02
P28861,68.90,101.34,91.97,99.17
P76445,248.62,92.07,609.83,192.88
P0AF52,11.03,71.68,23.66,130.52
P77171,253.34,127.86,114.78,173.94
P75792,57.34,97.14,93.57,111.88
Q47690,37.47,92.49,12.81,136.99
P0AAE0,48.09,63.18,61.94,190.41
P21362,7.87,15.66,1.51,2.90
P77781,37.63,154.12,33.84,192.28
P33355,125.24,99.64,221.69,111.81
P0AA82,7.48,107.85,9.18,32.73
P0A9N4,154.87,88.38,189.76,140.13
P0ADR6,93.91,76.42,120.75,135.77
P0AB10,80.46,79.64,167.10,92.66
P0A9T6,86.88,128.10,78.60,142.33
P0A8Y3,210.54,60.24,126.19,47.90
P77285,141.76,97.12,172.64,124.37
P18390,123.58,85.33,142.62,92.66
P0AC44,304.32,110.21,403.36,254.64
P0AGG0,113.40,66.25,115.58,100.66
P0A809,175.68,79.53,274.13,108.20
P22729,0.71,84.11,2.68,183.35
P26602,181.36,94.16,161.31,89.00
P76507,100.91,62.29,131.88,203.95
P0AEW4,115.73,91.15,134.44,129.02
P09549,116.79,89.78,177.87,102.83
P0A7H6,178.61,64.40,260.28,171.56
P27833,120.11,62.32,159.63,99.26
P77806,21.29,64.46,21.33,33.95
P76008,41.22,74.90,39.79,58.57
P0ACL9,105.35,53.02,94.05,67.99
P36562,44.30,70.92,30.77,83.67
P16384,44.66,37.45,80.99,77.19
P76256,106.68,42.50,120.63,49.29
P25539,61.39,47.72,77.60,54.83
P41052,30.91,28.71,10.11,8.24
P0AF98,60.18,39.04,128.00,79.48
P32157,30.00,37.66,31.47,31.75
P21338,59.24,49.35,67.82,50.16
P0AEW9,134.86,47.85,109.45,45.40
P75728,55.83,46.50,33.33,45.42
P39830,75.83,41.68,111.77,67.32
P30863,82.72,47.25,50.18,52.82
P26648,49.78,40.63,75.94,69.26
P13458,30.80,62.65,36.47,82.94
P0AFP4,80.37,48.29,73.44,64.64
P0AAG3,15.38,51.62,67.23,202.00
P0A6I6,47.25,40.27,61.26,54.86
P0ADV9,66.79,51.86,84.52,61.03
P37615,31.27,39.20,40.46,45.63
P05041,23.63,29.65,61.73,64.29
P0A9H7,48.00,39.68,54.79,38.77
P68206,63.42,56.07,49.75,40.47
P60472,73.65,36.43,54.97,32.58
P42620,18.35,18.07,23.57,24.70
P77376,26.72,53.76,13.38,43.11
P25742,136.64,43.54,230.01,89.72
P0AC51,168.39,89.79,85.68,25.78
P76035,3.75,27.44,5.75,34.98
P0AAC4,28.39,29.66,35.24,20.15
P0AEB0,0.34,23.56,0.10,53.35
P15977,31.46,29.12,4.27,6.90
P32099,40.26,17.45,46.56,28.32
P0ABK2,112.62,20.21,141.01,34.57
P0AGC3,6.62,14.31,4.17,14.43
P68187,78.06,24.82,15.97,7.83
P0ADC3,33.15,30.69,48.74,52.21
P0A7C6,240.11,25.38,94.61,48.68
P75791,13.57,17.14,16.44,17.07
P0AEE3,30.52,48.62,52.42,81.73
P31473,18.71,11.77,26.35,25.35
P03018,48.70,20.48,58.83,33.22
P77569,116.79,14.65,29.19,34.16
P64610,58.97,12.08,190.56,38.91
P77721,51.12,9.63,52.49,32.60
B8LFD5,23.55,16.20,22.46,21.98
P0A6B4,30.61,22.41,51.01,38.29
P13482,8.32,13.71,6.26,7.54
P0AEH1,26.55,12.29,42.39,24.51
P22586,289.42,190.53,273.60,251.79
P06709,28.74,15.20,36.14,22.68
P13039,0.60,9.31,1.34,21.86
P0AED9,14.20,14.87,18.88,19.69
P25535,19.42,10.48,32.27,16.26
P28249,15.02,13.15,31.56,25.98
P0AGL5,181.34,32.07,261.05,58.91
P09348,265.07,131.03,352.92,293.19
P15877,6.73,2.81,14.90,7.99
P0AD27,10.44,4.33,15.65,22.30
P16528,7.12,6.78,56.83,45.11
P0AER0,1169.25,40.46,102.03,5.87
P77252,45.47,1.47,19.45,4.58
P41036,44.61,3.65,74.70,7.87
P36672,179.93,3.30,137.75,5.38
P0A6A0,7.51,3.23,38.93,20.25
P03024,7.21,8.58,11.40,9.87
P77609,142.29,38.96,131.41,80.14
P09833,68.12,22.94,109.93,70.73
P39285,3.48,1.10,3.46,4.59
P75938,113.39,34.71,111.51,47.76
P76085,113.14,2.15,7.88,2.34
P63883,9.71,2.66,18.81,7.01
P39353,17.52,0.59,31.97,3.41
P76440,20.69,0.45,1.01,0.77
P52074,15.24,0.26,0.54,0.43
P77318,65.37,0.58,21.46,1.12
P0ACL7,11.70,0.08,17.15,0.15
P09152,2.99,0.27,3.89,0.18
P0A7P5,28434.19,12682.19,41516.92,18911.71
P0AEH5,676.31,1850.88,212.62,731.45
P03817,3992.14,4376.80,3712.94,3011.08
P68191,502.60,1332.35,104.75,276.25
P06968,3694.04,2855.25,4448.91,2464.24
P38521,2338.17,1447.14,2596.10,1450.31
Q2M7R5,454.03,649.68,604.91,620.51
P0C037,988.86,996.96,533.95,962.92
P0AB55,535.41,1046.63,565.32,979.57
P0AD33,3139.79,1318.89,2548.46,1443.78
P65292,100.15,331.74,77.07,98.35
P0A731,1979.88,824.56,866.16,616.50
P0A8G9,1233.99,835.18,960.01,660.65
P0AF70,1190.32,1027.58,695.54,718.94
P69411,720.10,615.84,884.21,628.44
P0A6T9,2044.88,606.71,758.14,732.01
P68699,1152.09,450.46,1513.48,875.41
P0ABY4,732.65,612.48,794.22,645.34
P0AB61,1518.48,519.92,1736.55,463.79
P0A9W6,765.54,466.47,896.77,575.54
P0ABZ4,635.34,713.95,969.24,730.72
P0A790,444.60,352.85,393.17,662.34
P0AB98,570.47,372.21,771.45,746.32
P0AET2,65.44,124.61,34.58,287.70
P69054,1235.55,353.35,2215.87,1653.50
P0AC92,1362.74,425.16,2006.03,592.28
P64479,32.31,118.39,10.48,141.52
P09996,382.44,367.84,456.38,520.54
P0AA57,369.67,258.51,390.94,271.39
P0A9I3,244.77,417.76,180.24,325.94
Q46948,283.73,297.00,208.97,190.88
P0AFM9,144.87,230.67,178.55,245.46
P0A8E5,617.36,279.97,452.35,265.44
P64624,281.35,208.92,234.23,277.57
P56262,27.55,150.93,25.38,109.05
P33218,55.68,123.23,35.85,366.73
P69795,561.96,199.16,402.84,148.70
P30014,412.97,189.98,476.34,279.66
P76004,203.93,217.51,227.42,227.15
P0AD07,1059.99,139.86,1830.56,293.79
P0AGK4,439.54,209.19,444.31,244.72
P0A8R4,349.58,227.57,314.61,159.98
P0AEN8,346.31,226.60,199.07,159.62
P0A890,301.54,330.01,358.03,301.40
P16701,17.45,163.58,15.02,572.21
P0AAB8,90.32,82.37,128.32,99.17
P0AAQ2,275.30,230.13,160.54,138.70
P76341,23.61,161.81,10.12,319.04
P0A6Z6,122.42,178.13,120.05,272.78
P0AAA1,231.67,221.39,192.82,145.46
P0ACV8,83.38,218.63,75.68,173.61
P0AAU7,199.88,197.31,292.96,168.27
P76308,508.76,234.76,985.81,691.07
P0AE91,258.28,195.44,222.95,170.09
P0A8N0,41.19,37.21,25.52,142.94
P0A8Z0,184.57,157.81,239.41,142.75
P69853,143.75,116.99,116.91,139.36
P08245,125.16,150.03,148.06,111.72
P12994,66.59,47.18,57.79,74.80
P65367,155.99,165.94,131.48,113.49
P15070,729.02,451.05,517.30,462.82
P0ABV6,127.47,117.29,198.94,246.49
P0ABN5,383.14,138.45,415.73,118.37
P52007,186.46,125.30,143.57,156.40
P25746,188.96,108.87,248.43,192.60
P0A843,113.23,152.28,325.63,311.39
P39337,69.37,117.56,73.75,135.70
P0C960,71.86,119.88,52.61,63.48
P0AAY6,307.14,134.28,417.76,191.94
P39334,135.65,106.07,133.14,129.16
P76346,542.24,135.22,241.44,285.50
P33018,59.26,129.77,73.02,91.64
P76273,58.60,102.93,38.83,32.88
P78055,54.59,97.01,44.52,76.19
P0A9U6,62.85,76.96,95.40,87.87
P0AG96,174.22,114.22,264.63,214.40
P0A8Z3,16.28,78.79,28.89,67.54
P0A8H8,255.94,151.46,369.50,107.93
P52096,22.67,88.73,69.83,139.81
P37613,250.98,70.31,292.20,106.62
P69801,292.79,202.20,181.02,169.01
P0ADC6,89.48,56.09,159.52,136.33
P37194,3.71,5.89,1.81,18.82
P19934,106.45,93.52,127.74,169.33
P0AAX3,15.48,155.23,259.23,556.06
P31475,132.30,52.61,126.58,53.41
P0AEG1,41.79,89.69,53.07,125.72
P15373,113.60,77.75,116.36,88.36
P0ACL0,4.17,0.63,149.22,95.08
P0A8J2,138.24,92.74,232.94,161.33
P76539,66.79,39.73,66.06,51.79
P0AA47,56.73,41.82,251.96,218.00
P0AAV4,62.61,77.67,90.85,122.57
P67697,24.63,55.66,36.48,91.08
P0A6I9,57.93,63.86,76.79,65.99
P0A944,89.63,46.15,67.71,81.51
P76402,1.04,6.03,1.55,2.78
P64564,26.40,33.55,60.46,131.61
P0AAS0,601.76,93.68,596.38,38.50
P22186,16.16,47.92,17.02,62.43
P13857,49.19,49.19,52.99,46.18
Q5H776,8.89,66.57,2.64,24.08
P0AGJ2,97.06,65.01,120.43,73.01
P0A8Y1,64.12,11.96,106.62,54.31
P45531,51.07,69.22,47.18,75.18
P76561,43.09,43.14,29.12,42.51
P0AEX3,54.22,44.81,5.09,2.67
P63386,102.17,57.02,81.22,45.96
P21369,60.74,38.47,37.77,45.62
P29208,25.65,6.15,17.59,65.75
P07117,100.41,42.37,85.80,134.97
P0AG84,0.81,3.65,2.10,2.63
P76502,53.99,36.57,88.46,75.02
P64448,59.37,55.09,77.92,48.31
P0AEN4,53.09,33.47,59.41,63.13
P0A9W0,51.31,31.41,116.73,83.65
P0AGA6,25.41,36.57,45.40,64.80
P0ACZ4,57.03,29.41,33.70,18.66
Q47083,3.61,35.37,8.53,68.62
P37750,101.28,29.52,3.67,6.73
P0A881,57.35,41.63,36.35,33.33
P13001,43.38,39.81,30.28,22.87
P31064,5.92,14.60,6.50,55.64
P0A9G4,29.17,38.11,33.62,23.87
P0C066,23.16,38.57,34.80,69.26
P37671,27.36,29.99,42.02,59.44
P52119,75.30,51.33,193.92,72.65
P0ACL2,70.00,28.20,50.92,44.72
P0A9F9,1.43,25.05,7.20,35.91
Q46893,47.50,32.67,77.82,60.10
P0AC65,17.72,48.16,44.15,138.91
P0A752,46.11,20.74,60.18,62.15
P68567,59.28,24.09,64.49,42.63
P64467,181.35,64.79,355.50,97.54
P14176,856.57,14.50,506.05,4.78
P0A6M2,61.06,68.56,45.97,47.69
P37595,12.16,23.54,14.32,31.68
P0AFH2,34.69,174.14,21.65,40.41
P76046,40.75,27.89,24.35,43.22
P36771,58.60,28.97,52.75,96.51
P31069,33.66,21.91,42.64,34.02
P31130,18.65,6.99,5.66,6.62
P37642,13.49,10.66,16.52,11.87
P17802,25.00,31.14,54.02,34.91
P0ABS8,51.97,41.26,44.58,38.00
P0ADX9,28.46,22.32,48.75,33.14
Q46925,25.66,24.23,48.82,29.34
P26647,23.75,14.59,75.25,61.67
P29680,34.49,19.81,34.33,22.41
P77223,35.77,20.78,68.51,31.39
P76541,33.56,21.62,34.51,15.01
P0C093,46.86,23.64,165.87,29.33
P15038,11.25,14.21,18.54,21.60
P0ADE4,30.06,15.69,48.21,21.45
P0AA63,7.35,4.58,18.52,59.22
P0ACK5,24.32,23.61,39.09,35.06
P03007,36.20,20.08,23.34,15.23
P0AEQ6,2.36,0.97,12.13,34.76
P36673,8.34,16.49,11.52,20.43
P0AC75,13.37,13.48,57.88,47.16
P37631,34.90,16.95,44.46,17.02
P24228,25.31,20.42,34.20,34.73
P64606,32.38,14.55,42.22,31.24
P06846,26.80,18.65,27.45,26.85
P75959,35.43,20.89,30.35,24.79
P04994,15.63,17.14,22.56,33.80
P0A7Y4,22.08,15.08,21.23,18.55
P15082,38.11,15.72,40.71,21.28
P27278,17.71,13.08,24.71,32.87
P77213,0.27,1.16,1.08,0.99
P62552,2.91,41.70,676.97,474.87
P0AB83,32.38,18.32,38.58,15.44
P23305,21.45,13.36,9.73,11.78
P0AFJ5,35.23,20.45,26.81,17.76
P0AFA7,37.92,7.31,60.72,21.84
P31460,16.49,6.78,14.14,13.30
P26365,6.05,6.94,10.70,12.16
P0AEJ6,23.85,16.74,27.31,10.54
P0AD01,29.83,15.43,52.10,19.38
P32138,17.06,11.00,12.38,9.46
P28631,19.08,11.36,21.24,17.15
P00811,15.50,11.56,19.97,11.23
P0AAZ4,16.13,9.89,21.42,19.42
P77399,13.38,7.14,15.49,9.66
P50456,18.14,39.77,58.69,26.03
Q46927,18.14,10.83,42.73,20.38
P28306,11.49,7.42,15.38,11.61
P05707,57.09,9.06,15.17,2.18
P0ACN7,22.96,6.21,20.48,5.57
P0AE72,20.90,10.76,26.49,12.87
P37685,7.69,0.14,0.24,13.07
P0A6W3,8.48,6.47,21.45,21.48
P33650,29.49,8.30,63.59,32.13
P0A8P8,17.98,10.50,34.75,28.56
P0AD37,81.80,8.73,83.67,18.40
P0A6H8,9.03,6.54,9.60,5.24
P25740,6.15,6.45,26.68,11.61
P76297,49.98,22.79,66.22,48.30
P00936,3.66,2.39,7.82,11.08
P23930,2.17,1.63,8.28,11.17
P39356,8.68,6.29,15.56,14.10
P0AD44,10.05,7.33,13.13,8.65
P30864,5.77,7.36,6.70,6.84
P30870,3.25,4.99,5.30,15.27
P76339,1.73,3.45,2.66,9.50
P0A6E9,15.06,2.78,16.80,7.98
P39405,0.18,5.46,1.75,19.89
P26608,170.83,148.51,162.64,189.31
P77433,114.06,4.99,35.31,5.69
Q47622,18.78,9.42,23.51,13.26
P0AGI1,32.76,4.62,275.70,102.21
P27837,1.95,4.57,10.35,14.76
P21345,13.20,4.85,23.39,9.23
P0A915,89.39,9.64,31.19,5.06
P05523,19.75,5.34,16.46,12.10
P31119,11.13,4.90,11.02,9.84
P75933,360.43,123.87,309.86,186.50
P0ACE0,41.32,4.79,39.76,4.50
P0A8G0,3.87,4.05,3.59,4.32
P08201,7.08,3.99,15.67,5.77
P23367,2.01,2.62,12.73,16.12
P75745,3.07,3.98,6.76,6.06
P0AD68,5.57,1.85,11.48,7.37
P52627,304.52,343.43,302.96,211.10
P13959,0.02,0.02,245.75,221.91
P0ACK8,44.80,5.91,19.51,11.21
P25552,0.20,2.17,4.38,4.53
P23524,38.21,5.81,23.61,2.08
P31545,2.57,6.97,7.06,7.07
P24230,4.42,1.53,10.38,10.78
P0A8T5,26.32,18.66,80.59,14.83
P77181,9.36,2.13,3.15,1.86
P0ABX2,242.79,115.15,223.04,113.87
P31441,22.05,1.92,27.23,5.70
P27129,5.52,3.33,12.30,10.46
P51025,4.74,2.30,10.41,2.65
P0A6L7,28.82,1.35,21.30,5.09
P37387,16.35,3.77,7.49,6.18
P0AER5,0.13,1.30,1.95,28.50
P0AFR2,18.09,1.24,38.76,8.50
P23200,20.50,0.49,13.69,1.82
P75906,0.20,6.61,0.28,2.68
P18355,1.39,3.51,116.71,74.01
P0ACU5,12.25,14.90,12.25,12.59
P76097,1.36,0.85,0.15,0.40
P56580,68.10,0.36,19.63,1.13
P0AEL0,3.62,0.84,21.56,0.12
P0AEP9,1.94,0.07,0.11,0.26
P52614,12.92,0.01,10.69,5.28
P0ADB7,2223.86,6180.91,542.68,2073.84
P0ADA7,583.69,1119.06,398.90,721.87
P33014,627.88,4791.56,50.50,2551.94
P0A937,1902.82,1864.75,1947.95,1679.77
C9M2Y6,4545.22,2240.87,4504.89,2207.24
P64503,5.35,85.73,0.18,9.05
P0C0L9,1084.46,636.91,1833.66,1175.76
P0A898,889.80,608.06,818.06,575.50
P0AA31,206.14,375.51,198.01,653.51
P0A6D0,675.20,574.17,839.81,785.50
P0AES9,266.30,126.33,10.67,121.81
P0A7Q6,11005.17,837.55,4066.45,405.63
P64476,31.90,112.34,17.06,50.09
P19930,10.73,212.49,45.09,347.76
P0ACY9,525.19,288.14,829.42,342.79
P32162,122.81,91.29,141.13,113.00
P0AGG4,252.98,148.36,322.33,245.05
P68688,148.46,148.67,123.34,108.49
P0AAV6,35.63,31.58,34.52,6.61
P0ADQ7,6.29,15.34,4.18,5.91
P76164,2.20,139.86,3.99,324.90
P0AFX7,152.53,135.06,170.54,158.72
Q46919,266.01,93.46,223.09,116.82
P0AEH3,74.57,82.76,49.07,71.39
P32685,485.72,93.21,164.80,129.82
P77667,19.68,70.04,11.20,49.82
P0ABJ6,515.56,138.79,615.10,104.01
P0ABR1,180.78,118.45,295.40,149.98
P18393,28.18,112.91,56.95,410.63
P31677,15.85,23.65,4.46,7.32
P0ABG1,106.31,58.88,238.19,145.36
P42599,135.64,62.84,21.85,62.04
P76231,175.05,78.48,197.16,107.44
P0A8C1,53.77,58.98,42.96,33.87
P0A8U0,122.53,67.48,181.98,89.42
P0AD57,51.00,54.60,81.50,76.85
Q6E0U3,101.48,61.11,122.37,86.06
P0AAC6,86.78,52.74,126.58,100.07
P51024,117.48,65.02,97.71,45.58
P0ACX5,48.68,43.10,66.44,68.72
P52094,5.30,49.31,20.73,270.34
P0A8N7,66.31,69.06,158.62,75.21
P69346,54.39,49.75,59.88,48.38
P67699,115.48,53.89,105.41,61.09
Q47679,23.59,45.79,20.50,35.64
P0AEV4,82.21,53.58,147.74,96.44
P0A8D3,56.09,34.47,48.18,46.39
P31466,1.73,50.15,1.67,57.45
P0AE63,2.27,11.65,0.03,3.18
P26281,70.31,63.70,77.70,54.66
P0AFW0,56.60,29.29,68.08,32.88
P0AA95,35.08,43.26,26.47,48.28
P39298,33.10,37.21,23.78,35.40
P28905,72.90,42.43,69.53,41.64
P36566,157.09,29.37,60.10,46.16
P10908,41.12,28.80,27.90,16.26
P0AB12,49.74,36.64,71.24,50.93
P75798,4.07,42.73,6.56,56.82
P0AGD1,0.17,10.48,0.15,2.89
P0A6K1,44.94,30.92,44.26,60.96
P24224,49.04,50.21,48.72,66.96
P52060,42.40,37.70,60.27,42.57
P03813,27.05,33.60,13.92,37.88
P64519,8.36,3.71,2.72,3.85
P76145,4.40,8.64,0.16,2.37
P71229,90.94,39.75,76.98,14.19
P0AFK6,44.81,21.89,65.74,47.05
P0A8D6,12.00,19.57,8.40,15.31
P55734,25.88,32.68,48.15,40.60
P0AD40,55.83,21.86,77.49,29.91
P0AFS3,23.50,25.23,30.22,26.94
P75782,44.14,25.01,45.70,10.68
P37659,13.73,12.35,13.35,22.14
P27247,36.92,29.81,52.93,38.79
P27250,4.27,7.53,8.71,7.98
P77739,12.96,4.25,5.04,3.77
P0AE60,119.25,72.32,46.08,22.98
P77615,30.01,25.70,30.71,40.90
P68739,21.32,17.74,20.13,17.30
P37351,23.41,9.88,29.09,17.97
P28634,47.92,22.25,41.81,33.25
P61887,41.39,22.46,57.39,36.78
P0A8Y8,3.13,22.81,10.36,54.89
P76344,4.20,13.46,7.12,7.17
P0ABN1,16.14,18.08,14.76,18.06
P75931,14.57,16.32,9.73,18.91
P0AG03,9.89,10.91,15.00,19.08
P32173,9.75,13.71,10.10,17.03
P76342,1.79,6.11,2.81,23.13
P76001,14.09,8.36,11.27,6.32
P0ABT5,12.57,11.62,23.77,20.57
P39451,9.15,4.99,14.43,11.83
P15067,8.06,20.10,3.27,16.04
P0ACS9,30.98,13.03,37.34,18.96
P77554,20.03,12.87,21.07,17.53
Q8SU19,22.06,16.47,26.20,25.69
P64463,40.94,37.72,10.52,9.43
P0A6S5,15.71,11.15,29.42,19.50
P0A8P6,0.38,15.77,12.65,22.83
P75820,12.33,15.20,4.66,7.34
P06966,14.84,15.29,15.92,13.71
P76350,0.49,8.86,2.23,12.11
P0ACU0,11.61,12.93,12.84,7.38
P0A823,38.83,29.44,40.09,52.56
P69490,26.19,22.13,35.31,25.10
P31550,41.53,9.97,58.62,16.91
P76194,2.47,2.58,0.45,8.76
P0AFF0,45.18,4.42,94.88,30.16
P12282,21.87,9.72,28.89,15.19
P0ADP7,16.60,7.11,18.22,14.93
P28632,38.52,12.16,34.34,31.97
P67660,13.47,14.70,7.84,11.62
P31433,14.33,11.93,23.39,15.73
P76112,0.01,8.33,0.01,10.94
P0AC16,195.98,94.79,163.54,7.47
P76245,7.01,9.93,1.16,1.77
P0A6V5,42.68,21.77,46.36,29.03
P19636,13.46,11.38,28.98,10.84
P0ADG1,22.71,9.94,100.58,612.25
P09099,3.21,4.75,2.43,6.80
P0AAT4,13.94,5.59,24.81,16.41
P0ACS2,30.14,11.27,22.85,8.97
P0AF63,13.02,7.01,35.67,25.14
P0C0K3,10.58,6.88,11.07,10.20
P25534,25.60,10.03,17.24,13.63
P37182,16.57,8.16,12.47,9.97
P0AEF0,12.69,15.44,21.97,12.89
P24173,24.90,10.18,28.98,15.76
P28903,8.34,3.19,7.93,2.06
P77295,25.50,13.12,17.28,16.92
P76086,15.44,11.05,18.64,8.84
P37146,2.10,10.06,3.75,18.63
P76223,4.44,7.22,7.40,15.72
Q5H772,0.01,4.52,0.01,0.00
P76062,1.57,1.12,0.71,24.36
P21363,1.07,2.11,0.46,1.35
P0AEF8,2.44,6.61,0.01,34.88
P32719,5.07,13.03,6.56,11.54
P0A8D9,4.38,7.34,8.02,3.95
P76149,5.40,5.56,5.42,6.66
P64490,7.99,3.26,6.74,1.52
P0AE45,10.80,4.96,34.43,21.22
P0AEI6,12.41,8.49,15.26,6.34
P77570,14.37,12.08,10.29,13.83
P33231,61.50,6.62,71.07,25.29
P09391,20.29,9.07,27.83,15.03
P24207,9.05,3.86,40.49,27.26
P0AG76,8.91,12.47,16.45,9.77
Q7DFV3,18.34,9.82,8.87,24.86
P0AFK2,0.03,1.27,0.03,7.23
P76076,8.46,6.60,16.77,10.61
P0A921,12.19,7.33,14.38,7.33
P45468,0.56,6.72,2.27,8.32
P75821,8.82,6.19,15.13,12.26
P0AC78,16.44,3.43,32.70,15.31
P0A8R7,2.87,6.58,3.33,11.16
P08368,5.85,4.49,3.17,8.21
P0ACM2,10.92,0.65,16.61,8.29
P15286,11.94,5.71,17.00,12.42
P09126,13.45,8.02,12.19,10.00
P0AD65,4.30,3.96,12.19,11.63
P0AEC0,11.95,11.56,13.05,11.20
P0AGK1,3.94,1.82,7.42,1.90
P0AEV1,2.34,2.73,2.03,2.07
P0A8S9,31.43,16.72,41.25,25.84
P27859,7.92,7.17,17.57,7.45
P30847,1.89,4.09,3.35,14.33
P04128,72.80,8.84,22.93,14.88
P37052,5.25,6.39,4.00,3.85
P76422,32.42,2.94,23.73,6.15
P0AFK4,6.64,3.64,9.59,8.29
P0A9T8,2.82,2.27,1.96,2.93
P0AF56,15.65,9.94,14.64,17.23
P75746,9.36,11.74,4.98,13.95
P76272,4.73,2.73,6.93,7.38
P25741,9.06,5.98,6.66,2.85
P77398,4.11,4.97,2.57,2.19
P0ADI7,0.50,2.41,1.99,4.10
P22525,2.26,1.77,0.09,1.15
P52644,2.03,0.27,38.17,0.46
P75779,3.03,4.14,2.39,5.09
P60955,3.97,2.06,8.47,12.77
P0AC23,5.36,1.04,6.39,4.85
P77649,5.42,3.72,6.23,4.57
P39161,4.89,4.85,5.55,5.92
P33371,6.26,3.34,6.27,3.46
P32675,4.72,5.28,7.05,6.92
P27127,6.98,3.62,18.60,10.59
P24193,7.73,2.94,2.77,3.02
P39408,4.01,5.20,4.98,3.25
P75767,4.60,3.93,4.84,4.49
P23878,0.99,8.82,6.39,39.94
P64562,3.42,8.55,4.37,5.27
P64585,1.00,0.43,0.77,0.53
P31680,3.37,0.83,5.87,2.82
P0ABS5,10.41,3.47,15.08,8.17
P0AEY3,2.48,2.19,2.57,4.52
P15031,30.29,1.58,44.34,2.02
P0AE14,0.96,0.51,3.81,3.18
P18392,1.64,1.85,1.61,9.64
P26649,12.04,2.74,26.50,4.32
P0ABJ3,2.06,0.01,0.34,4.89
P08337,5.71,3.53,4.20,2.40
P07821,3.31,3.60,7.95,5.77
P76466,9.09,2.62,8.83,5.01
P0AFU4,6.03,1.85,6.07,3.89
P39835,1.18,7.26,1.64,8.21
P42604,7.98,1.69,9.83,5.69
Q9JMR7,3.73,2.21,2.72,1.43
P27240,8.46,1.73,16.89,5.04
P33941,1.24,0.82,3.43,6.21
P0ABF4,19.58,1.92,8.59,0.05
Q47689,0.01,2.04,0.01,6.35
P0ACX9,1.45,8.54,5.88,9.05
P0AA41,4.74,1.95,5.56,2.27
P33025,30.23,8.57,2.24,2.41
P77690,3.22,1.53,3.88,2.30
P02924,21.33,1.47,1.64,4.03
P23477,3.59,1.60,2.74,1.55
P52062,1.11,1.13,0.86,0.71
P38051,0.10,1.11,2.97,2.44
P09980,1.20,0.44,5.17,2.26
P0AD70,2.17,1.28,1.98,2.65
P0ACL5,1.80,2.05,1.66,1.72
P76007,5.93,2.76,4.31,6.18
P33607,3.03,0.27,7.89,6.27
P67624,19.97,24.19,14.48,11.51
P10907,1.89,0.85,1.44,1.11
P02916,4.97,0.67,1.59,0.84
P69506,30.20,3.38,12.27,5.65
P06961,0.91,0.41,1.68,0.91
P76387,56.79,0.68,0.96,1.43
P0CK95,6.11,0.56,4.54,1.28
P62672,1.04,0.01,9.19,7.95
P27128,2.22,2.05,5.73,3.24
P33916,0.69,0.45,1.42,2.12
P77212,0.52,0.58,0.15,0.00
P22707,4.46,1.97,35.34,39.66
P0ACW6,1.01,0.76,0.21,0.02
P37197,5.54,1.51,2.89,1.48
P42632,0.00,1.12,2.59,0.41
P76143,4.69,0.38,0.43,3.03
Q2A0K9,1.71,0.43,1.36,1.34
P75796,0.05,1.15,0.10,2.34
P36930,1.22,0.50,2.72,4.97
P10026,0.36,1.07,40.81,27.29
P0AEL3,37.56,0.02,91.45,0.05
P0AFY6,0.01,0.27,2.28,6.28
P27300,6.77,3.52,6.26,3.30
P0C7L2,28.33,0.77,1.85,1.79
P32669,1.60,0.54,1.10,1.21
P32705,5.98,0.69,2.55,3.72
P0AGF6,0.20,0.66,0.33,2.28
P46474,0.06,0.41,1.80,1.30
P0A772,0.01,0.01,0.01,0.78
P55135,3.50,3.31,10.99,2.29
P10442,65.90,12.02,57.72,26.93
P14294,2.60,0.40,1.31,0.31
P23173,284.38,5.60,4.75,4.73
P19642,8.02,0.44,4.49,1.14
P37339,0.13,0.00,0.00,0.11
P06720,9.04,0.22,0.08,0.00
P24177,0.06,0.00,0.00,1.82
P07363,10.43,5.92,13.71,9.51
P0AGB3,0.27,0.82,1.06,0.22
P76361,0.67,0.82,0.00,0.00
P0AFI5,0.26,0.00,0.56,1.82
P75830,4.40,4.51,3.12,4.77
P76077,1.61,0.01,0.01,0.02
P0AFH0,2.16,0.27,3.00,0.53
P76081,10.22,0.00,0.13,0.10
Q00042,0.04,0.00,4.11,3.81
P76078,58.40,0.01,0.52,0.29
P0AGL2,8.56,0.01,1.54,0.17
P09129,0.58,0.01,17.88,20.54
P0ABY7,31.16,9.15,60.72,12.94
P33015,0.01,0.85,0.01,0.01
P64599,0.02,0.01,0.81,0.21
P63340,7.36,0.01,4.88,0.12
P52613,13.57,8.16,9.65,12.95
P0AF26,13.26,0.01,1.71,0.72
P08555,9.38,0.01,76.71,0.01
P06615,0.01,0.01,5.63,6.16
P03856,0.01,0.00,2.09,1.39
P52073,1.21,0.00,0.01,0.00
P0A6X1,0.97,0.91,12.00,0.67
P77148,0.00,0.00,0.00,0.00
P37047,0.98,0.07,0.07,1.50
Q46802,4.79,0.00,1.70,0.00
P77455,4.69,0.17,0.16,0.15
